"../../../Engine/Plugins/2D/Paper2D/Content/PlaceholderTextures/DummySpriteTexture.ubulk" 0
"../../../Engine/Plugins/2D/Paper2D/Content/PlaceholderTextures/DummySpriteTexture.uasset" 1
"../../../Engine/Plugins/2D/Paper2D/Content/PlaceholderTextures/DummySpriteTexture.uexp" 2
"../../../Engine/Plugins/2D/Paper2D/Content/DummySprite.uasset" 3
"../../../Engine/Plugins/2D/Paper2D/Content/DummySprite.uexp" 4
"../../../Engine/Plugins/2D/Paper2D/Content/DefaultPaperTerrainMaterial.uasset" 5
"../../../Engine/Plugins/2D/Paper2D/Content/DefaultPaperTerrainMaterial.uexp" 6
"../../../Engine/Plugins/Animation/ACLPlugin/Content/ACLAnimCurveCompressionSettings.uasset" 7
"../../../Engine/Plugins/Animation/ACLPlugin/Content/ACLAnimCurveCompressionSettings.uexp" 8
"../../../Engine/Plugins/Animation/ACLPlugin/Content/ACLAnimBoneCompressionSettings.uasset" 9
"../../../Engine/Plugins/Animation/ACLPlugin/Content/ACLAnimBoneCompressionSettings.uexp" 10
"../../../Engine/Content/Animation/DefaultVariableFrameStrippingSettings.uasset" 11
"../../../Engine/Content/Animation/DefaultVariableFrameStrippingSettings.uexp" 12
"../../../Engine/Content/Animation/DefaultRecorderBoneCompression.uasset" 13
"../../../Engine/Content/Animation/DefaultRecorderBoneCompression.uexp" 14
"../../../Engine/Content/EngineSounds/Master.uasset" 15
"../../../Engine/Content/EngineSounds/Master.uexp" 16
"../../../Engine/Content/EngineMaterials/DefaultPhysicalMaterial.uasset" 17
"../../../Engine/Content/EngineMaterials/DefaultPhysicalMaterial.uexp" 18
"../../../Engine/Content/EngineMaterials/DefaultDestructiblePhysicalMaterial.uasset" 19
"../../../Engine/Content/EngineMaterials/DefaultDestructiblePhysicalMaterial.uexp" 20
"../../../Engine/Content/EngineFonts/Faces/DroidSansFallback.uexp" 21
"../../../Engine/Content/EngineFonts/Faces/DroidSansFallback.uasset" 22
"../../../Engine/Content/EngineFonts/Faces/DroidSansFallback.ufont" 23
"../../../Engine/Content/EngineFonts/Faces/RobotoBold.uexp" 24
"../../../Engine/Content/EngineFonts/Faces/RobotoBold.uasset" 25
"../../../Engine/Content/EngineFonts/Faces/RobotoBold.ufont" 26
"../../../Engine/Content/EngineFonts/Faces/RobotoBoldItalic.uexp" 27
"../../../Engine/Content/EngineFonts/Faces/RobotoBoldItalic.uasset" 28
"../../../Engine/Content/EngineFonts/Faces/RobotoBoldItalic.ufont" 29
"../../../Engine/Content/EngineFonts/Faces/RobotoItalic.uexp" 30
"../../../Engine/Content/EngineFonts/Faces/RobotoItalic.uasset" 31
"../../../Engine/Content/EngineFonts/Faces/RobotoItalic.ufont" 32
"../../../Engine/Content/EngineFonts/Faces/RobotoLight.uexp" 33
"../../../Engine/Content/EngineFonts/Faces/RobotoLight.uasset" 34
"../../../Engine/Content/EngineFonts/Faces/RobotoLight.ufont" 35
"../../../Engine/Content/EngineFonts/Faces/RobotoRegular.uexp" 36
"../../../Engine/Content/EngineFonts/Faces/RobotoRegular.uasset" 37
"../../../Engine/Content/EngineFonts/Faces/RobotoRegular.ufont" 38
"../../../Engine/Content/EngineFonts/Roboto.uasset" 39
"../../../Engine/Content/EngineFonts/Roboto.uexp" 40
"../../../Engine/Content/EngineFonts/Faces/DroidSansMono.uexp" 41
"../../../Engine/Content/EngineFonts/Faces/DroidSansMono.uasset" 42
"../../../Engine/Content/EngineFonts/Faces/DroidSansMono.ufont" 43
"../../../Engine/Content/EngineFonts/DroidSansMono.uasset" 44
"../../../Engine/Content/EngineFonts/DroidSansMono.uexp" 45
"../../../Engine/Plugins/Interchange/Runtime/Content/Pipelines/DefaultTexturePipeline.uasset" 46
"../../../Engine/Plugins/Interchange/Runtime/Content/Pipelines/DefaultTexturePipeline.uexp" 47
"../../../Engine/Plugins/Interchange/Runtime/Content/Pipelines/DefaultSceneLevelPipeline.uasset" 48
"../../../Engine/Plugins/Interchange/Runtime/Content/Pipelines/DefaultSceneLevelPipeline.uexp" 49
"../../../Engine/Plugins/Interchange/Runtime/Content/Pipelines/DefaultSceneAssetsPipeline.uasset" 50
"../../../Engine/Plugins/Interchange/Runtime/Content/Pipelines/DefaultSceneAssetsPipeline.uexp" 51
"../../../Engine/Plugins/Interchange/Runtime/Content/Pipelines/DefaultMaterialXPipeline.uasset" 52
"../../../Engine/Plugins/Interchange/Runtime/Content/Pipelines/DefaultMaterialXPipeline.uexp" 53
"../../../Engine/Plugins/Interchange/Runtime/Content/Pipelines/DefaultMaterialPipeline.uasset" 54
"../../../Engine/Plugins/Interchange/Runtime/Content/Pipelines/DefaultMaterialPipeline.uexp" 55
"../../../Engine/Plugins/Interchange/Runtime/Content/Pipelines/DefaultGLTFSceneAssetsPipeline.uasset" 56
"../../../Engine/Plugins/Interchange/Runtime/Content/Pipelines/DefaultGLTFSceneAssetsPipeline.uexp" 57
"../../../Engine/Plugins/Interchange/Runtime/Content/Pipelines/DefaultGLTFPipeline.uasset" 58
"../../../Engine/Plugins/Interchange/Runtime/Content/Pipelines/DefaultGLTFPipeline.uexp" 59
"../../../Engine/Plugins/Interchange/Runtime/Content/Pipelines/DefaultGLTFAssetsPipeline.uasset" 60
"../../../Engine/Plugins/Interchange/Runtime/Content/Pipelines/DefaultGLTFAssetsPipeline.uexp" 61
"../../../Engine/Plugins/Interchange/Runtime/Content/Pipelines/DefaultAssetsPipeline.uasset" 62
"../../../Engine/Plugins/Interchange/Runtime/Content/Pipelines/DefaultAssetsPipeline.uexp" 63
"../../../Engine/Plugins/Animation/ControlRig/Content/Controls/DefaultGizmoLibraryNormalized.uasset" 64
"../../../Engine/Plugins/Animation/ControlRig/Content/Controls/DefaultGizmoLibraryNormalized.uexp" 65
"../../../Engine/Content/MobileResources/HUD/VirtualJoystick_Thumb.uasset" 66
"../../../Engine/Content/MobileResources/HUD/VirtualJoystick_Thumb.uexp" 67
"../../../Engine/Content/MobileResources/HUD/VirtualJoystick_Background.uasset" 68
"../../../Engine/Content/MobileResources/HUD/VirtualJoystick_Background.uexp" 69
"../../../Engine/Content/MobileResources/HUD/DefaultVirtualJoysticks.uasset" 70
"../../../Engine/Content/MobileResources/HUD/DefaultVirtualJoysticks.uexp" 71
"../../../Engine/Content/EngineResources/GradientTexture0.uasset" 72
"../../../Engine/Content/EngineResources/GradientTexture0.uexp" 73
"../../../Engine/Content/EngineResources/Black.uasset" 74
"../../../Engine/Content/EngineResources/Black.uexp" 75
"../../../Engine/Content/EditorResources/S_Actor.ubulk" 76
"../../../Engine/Content/EditorResources/S_Actor.uasset" 77
"../../../Engine/Content/EditorResources/S_Actor.uexp" 78
"../../../Engine/Plugins/NNE/NNEDenoiser/Content/NNEDTOM_Output_Default.uasset" 79
"../../../Engine/Plugins/NNE/NNEDenoiser/Content/NNEDTOM_Output_Default.uexp" 80
"../../../Engine/Plugins/NNE/NNEDenoiser/Content/NNEDTOM_Output_Alpha.uasset" 81
"../../../Engine/Plugins/NNE/NNEDenoiser/Content/NNEDTOM_Output_Alpha.uexp" 82
"../../../Engine/Plugins/NNE/NNEDenoiser/Content/NNEDTIM_ColorAlbedoNormal_Default.uasset" 83
"../../../Engine/Plugins/NNE/NNEDenoiser/Content/NNEDTIM_ColorAlbedoNormal_Default.uexp" 84
"../../../Engine/Plugins/NNE/NNEDenoiser/Content/NNEDTIM_ColorAlbedoNormal_Alpha.uasset" 85
"../../../Engine/Plugins/NNE/NNEDenoiser/Content/NNEDTIM_ColorAlbedoNormal_Alpha.uexp" 86
"../../../Engine/Plugins/NNE/NNEDenoiser/Content/NNEDOM_Output_Default.uasset" 87
"../../../Engine/Plugins/NNE/NNEDenoiser/Content/NNEDOM_Output_Default.uexp" 88
"../../../Engine/Plugins/NNE/NNEDenoiser/Content/NNEDOM_Output_Alpha.uasset" 89
"../../../Engine/Plugins/NNE/NNEDenoiser/Content/NNEDOM_Output_Alpha.uexp" 90
"../../../Engine/Plugins/NNE/NNEDenoiser/Content/NNEDIM_HighQuality_Default.uasset" 91
"../../../Engine/Plugins/NNE/NNEDenoiser/Content/NNEDIM_HighQuality_Default.uexp" 92
"../../../Engine/Plugins/NNE/NNEDenoiser/Content/NNEDIM_HighQuality_Alpha.uasset" 93
"../../../Engine/Plugins/NNE/NNEDenoiser/Content/NNEDIM_HighQuality_Alpha.uexp" 94
"../../../Engine/Plugins/NNE/NNEDenoiser/Content/NNEDIM_ColorAlbedoNormal_Default.uasset" 95
"../../../Engine/Plugins/NNE/NNEDenoiser/Content/NNEDIM_ColorAlbedoNormal_Default.uexp" 96
"../../../Engine/Plugins/NNE/NNEDenoiser/Content/NNEDIM_ColorAlbedoNormal_Alpha.uasset" 97
"../../../Engine/Plugins/NNE/NNEDenoiser/Content/NNEDIM_ColorAlbedoNormal_Alpha.uexp" 98
"../../../Engine/Content/Functions/Engine_MaterialFunctions02/WorldPositionOffset/CameraOffset.uasset" 99
"../../../Engine/Content/Functions/Engine_MaterialFunctions02/WorldPositionOffset/CameraOffset.uexp" 100
"../../../Engine/Plugins/Animation/ControlRig/Content/M_Manip.uasset" 101
"../../../Engine/Plugins/Animation/ControlRig/Content/M_Manip.uexp" 102
"../../../Engine/Content/EditorLandscapeResources/WhiteSquareTexture.uasset" 103
"../../../Engine/Content/EditorLandscapeResources/WhiteSquareTexture.uexp" 104
"../../../Engine/Content/EditorLandscapeResources/LayerVisMaterial.uasset" 105
"../../../Engine/Content/EditorLandscapeResources/LayerVisMaterial.uexp" 106
"../../../Engine/Content/Functions/Engine_MaterialFunctions02/WorldPositionOffset/LocalPosition.uasset" 107
"../../../Engine/Content/Functions/Engine_MaterialFunctions02/WorldPositionOffset/LocalPosition.uexp" 108
"../../../Engine/Content/Functions/Engine_MaterialFunctions02/Utility/BreakOutFloat2Components.uasset" 109
"../../../Engine/Content/Functions/Engine_MaterialFunctions02/Utility/BreakOutFloat2Components.uexp" 110
"../../../Engine/Content/Functions/Engine_MaterialFunctions01/Texturing/ScaleUVsByCenter.uasset" 111
"../../../Engine/Content/Functions/Engine_MaterialFunctions01/Texturing/ScaleUVsByCenter.uexp" 112
"../../../Engine/Content/EngineMaterials/DefaultDiffuse.ubulk" 113
"../../../Engine/Content/EngineMaterials/DefaultDiffuse.uasset" 114
"../../../Engine/Content/EngineMaterials/DefaultDiffuse.uexp" 115
"../../../Engine/Content/Functions/Engine_MaterialFunctions01/Texturing/TextureCropping.uasset" 116
"../../../Engine/Content/Functions/Engine_MaterialFunctions01/Texturing/TextureCropping.uexp" 117
"../../../Engine/Content/Functions/Engine_MaterialFunctions02/ExampleContent/DebugNumberStrip.uasset" 118
"../../../Engine/Content/Functions/Engine_MaterialFunctions02/ExampleContent/DebugNumberStrip.uexp" 119
"../../../Engine/Content/Functions/Engine_MaterialFunctions01/Debug/DebugIntValues.uasset" 120
"../../../Engine/Content/Functions/Engine_MaterialFunctions01/Debug/DebugIntValues.uexp" 121
"../../../Engine/Content/EditorLandscapeResources/LandscapeLayerUsageMaterial.uasset" 122
"../../../Engine/Content/EditorLandscapeResources/LandscapeLayerUsageMaterial.uexp" 123
"../../../Engine/Content/EditorLandscapeResources/DefaultAlphaTexture.uasset" 124
"../../../Engine/Content/EditorLandscapeResources/DefaultAlphaTexture.uexp" 125
"../../../Engine/Content/EditorLandscapeResources/LandscapeDirtyMaterial.uasset" 126
"../../../Engine/Content/EditorLandscapeResources/LandscapeDirtyMaterial.uexp" 127
"../../../Engine/Content/EngineResources/DefaultTexture.ubulk" 128
"../../../Engine/Content/EngineResources/DefaultTexture.uasset" 129
"../../../Engine/Content/EngineResources/DefaultTexture.uexp" 130
"../../../Engine/Content/EngineMaterials/RemoveSurfaceMaterial.uasset" 131
"../../../Engine/Content/EngineMaterials/RemoveSurfaceMaterial.uexp" 132
"../../../Engine/Content/EngineMaterials/PreintegratedSkinBRDF.uasset" 133
"../../../Engine/Content/EngineMaterials/PreintegratedSkinBRDF.uexp" 134
"../../../Engine/Content/EngineMaterials/DefaultCalibrationGrayscale.uasset" 135
"../../../Engine/Content/EngineMaterials/DefaultCalibrationGrayscale.uexp" 136
"../../../Engine/Content/EngineMaterials/PPM_DefaultCalibrationGrayscale.uasset" 137
"../../../Engine/Content/EngineMaterials/PPM_DefaultCalibrationGrayscale.uexp" 138
"../../../Engine/Content/EngineMaterials/DefaultCalibrationColor.uasset" 139
"../../../Engine/Content/EngineMaterials/DefaultCalibrationColor.uexp" 140
"../../../Engine/Content/EngineMaterials/PPM_DefaultCalibrationColor.uasset" 141
"../../../Engine/Content/EngineMaterials/PPM_DefaultCalibrationColor.uexp" 142
"../../../Engine/Content/EngineMaterials/PhAT_JointLimitMaterial.uasset" 143
"../../../Engine/Content/EngineMaterials/PhAT_JointLimitMaterial.uexp" 144
"../../../Engine/Content/EngineMaterials/NaniteHiddenSectionMaterial.uasset" 145
"../../../Engine/Content/EngineMaterials/NaniteHiddenSectionMaterial.uexp" 146
"../../../Engine/Content/EngineMaterials/InvalidLightmapSettings.ubulk" 147
"../../../Engine/Content/EngineMaterials/InvalidLightmapSettings.uasset" 148
"../../../Engine/Content/EngineMaterials/InvalidLightmapSettings.uexp" 149
"../../../Engine/Content/EngineMaterials/M_InvalidLightmapSettings.uasset" 150
"../../../Engine/Content/EngineMaterials/M_InvalidLightmapSettings.uexp" 151
"../../../Engine/Content/EngineMaterials/MiniFont.uasset" 152
"../../../Engine/Content/EngineMaterials/MiniFont.uexp" 153
"../../../Engine/Content/EngineMaterials/GizmoMaterial.uasset" 154
"../../../Engine/Content/EngineMaterials/GizmoMaterial.uexp" 155
"../../../Engine/Content/EngineMaterials/BaseFlattenDiffuseMap_VT.ubulk" 156
"../../../Engine/Content/EngineMaterials/BaseFlattenDiffuseMap_VT.uasset" 157
"../../../Engine/Content/EngineMaterials/BaseFlattenDiffuseMap_VT.uexp" 158
"../../../Engine/Content/EngineMaterials/BaseFlattenEmissiveMap_VT.ubulk" 159
"../../../Engine/Content/EngineMaterials/BaseFlattenEmissiveMap_VT.uasset" 160
"../../../Engine/Content/EngineMaterials/BaseFlattenEmissiveMap_VT.uexp" 161
"../../../Engine/Content/EngineMaterials/BaseFlattenGrayscaleMap_VT.ubulk" 162
"../../../Engine/Content/EngineMaterials/BaseFlattenGrayscaleMap_VT.uasset" 163
"../../../Engine/Content/EngineMaterials/BaseFlattenGrayscaleMap_VT.uexp" 164
"../../../Engine/Content/EngineMaterials/BaseFlattenLinearColor_VT.ubulk" 165
"../../../Engine/Content/EngineMaterials/BaseFlattenLinearColor_VT.uasset" 166
"../../../Engine/Content/EngineMaterials/BaseFlattenLinearColor_VT.uexp" 167
"../../../Engine/Content/EngineMaterials/BaseFlattenNormalMap_VT.ubulk" 168
"../../../Engine/Content/EngineMaterials/BaseFlattenNormalMap_VT.uasset" 169
"../../../Engine/Content/EngineMaterials/BaseFlattenNormalMap_VT.uexp" 170
"../../../Engine/Content/EngineMaterials/Black_1x1_EXR_Texture_VT.ubulk" 171
"../../../Engine/Content/EngineMaterials/Black_1x1_EXR_Texture_VT.uasset" 172
"../../../Engine/Content/EngineMaterials/Black_1x1_EXR_Texture_VT.uexp" 173
"../../../Engine/Content/EngineMaterials/FlattenMaterial_WS_Normal_VT.uasset" 174
"../../../Engine/Content/EngineMaterials/FlattenMaterial_WS_Normal_VT.uexp" 175
"../../../Engine/Content/EngineMaterials/FlattenMaterial_VT.uasset" 176
"../../../Engine/Content/EngineMaterials/FlattenMaterial_VT.uexp" 177
"../../../Engine/Content/EngineMaterials/BaseFlattenNormalMap.uasset" 178
"../../../Engine/Content/EngineMaterials/BaseFlattenNormalMap.uexp" 179
"../../../Engine/Content/EngineMaterials/BaseFlattenDiffuseMap.uasset" 180
"../../../Engine/Content/EngineMaterials/BaseFlattenDiffuseMap.uexp" 181
"../../../Engine/Content/EngineMaterials/BaseFlattenEmissiveMap.uasset" 182
"../../../Engine/Content/EngineMaterials/BaseFlattenEmissiveMap.uexp" 183
"../../../Engine/Content/EngineMaterials/BaseFlattenGrayscaleMap.uasset" 184
"../../../Engine/Content/EngineMaterials/BaseFlattenGrayscaleMap.uexp" 185
"../../../Engine/Content/EngineMaterials/BaseFlattenLinearColor.uasset" 186
"../../../Engine/Content/EngineMaterials/BaseFlattenLinearColor.uexp" 187
"../../../Engine/Content/Functions/Engine_MaterialFunctions02/PivotPainter2/Black_1x1_EXR_Texture.uasset" 188
"../../../Engine/Content/Functions/Engine_MaterialFunctions02/PivotPainter2/Black_1x1_EXR_Texture.uexp" 189
"../../../Engine/Content/EngineMaterials/FlattenMaterial.uasset" 190
"../../../Engine/Content/EngineMaterials/FlattenMaterial.uexp" 191
"../../../Engine/Content/EngineMaterials/FastBlueNoise_vec2_128x128x64.uasset" 192
"../../../Engine/Content/EngineMaterials/FastBlueNoise_vec2_128x128x64.uexp" 193
"../../../Engine/Content/EngineMaterials/FastBlueNoise_scalar_128x128x8.uasset" 194
"../../../Engine/Content/EngineMaterials/FastBlueNoise_scalar_128x128x8.uexp" 195
"../../../Engine/Content/EngineMaterials/FastBlueNoise_scalar_128x128x64.uasset" 196
"../../../Engine/Content/EngineMaterials/FastBlueNoise_scalar_128x128x64.uexp" 197
"../../../Engine/Content/EngineMaterials/DefaultWhiteGrid_Low.uasset" 198
"../../../Engine/Content/EngineMaterials/DefaultWhiteGrid_Low.uexp" 199
"../../../Engine/Content/EngineMaterials/EmissiveMeshMaterial.uasset" 200
"../../../Engine/Content/EngineMaterials/EmissiveMeshMaterial.uexp" 201
"../../../Engine/Content/EngineMaterials/DefaultWhiteGrid.ubulk" 202
"../../../Engine/Content/EngineMaterials/DefaultWhiteGrid.uasset" 203
"../../../Engine/Content/EngineMaterials/DefaultWhiteGrid.uexp" 204
"../../../Engine/Content/EngineFonts/RobotoDistanceField.uasset" 205
"../../../Engine/Content/EngineFonts/RobotoDistanceField.uexp" 206
"../../../Engine/Content/EngineMaterials/DefaultTextMaterialOpaque.uasset" 207
"../../../Engine/Content/EngineMaterials/DefaultTextMaterialOpaque.uexp" 208
"../../../Engine/Content/EngineMaterials/DefaultPostProcessMaterial.uasset" 209
"../../../Engine/Content/EngineMaterials/DefaultPostProcessMaterial.uexp" 210
"../../../Engine/Content/EngineMaterials/DefaultLightFunctionMaterial.uasset" 211
"../../../Engine/Content/EngineMaterials/DefaultLightFunctionMaterial.uexp" 212
"../../../Engine/Content/EngineMaterials/DefaultDeferredDecalMaterial.uasset" 213
"../../../Engine/Content/EngineMaterials/DefaultDeferredDecalMaterial.uexp" 214
"../../../Engine/Content/EngineMaterials/DefaultBokeh.uasset" 215
"../../../Engine/Content/EngineMaterials/DefaultBokeh.uexp" 216
"../../../Engine/Content/EngineMaterials/DefaultBloomKernel.uasset" 217
"../../../Engine/Content/EngineMaterials/DefaultBloomKernel.uexp" 218
"../../../Engine/Content/Functions/Engine_MaterialFunctions02/Utility/CameraDirectionVector.uasset" 219
"../../../Engine/Content/Functions/Engine_MaterialFunctions02/Utility/CameraDirectionVector.uexp" 220
"../../../Engine/Content/EngineDebugMaterials/VolumeToRender.uasset" 221
"../../../Engine/Content/EngineDebugMaterials/VolumeToRender.uexp" 222
"../../../Engine/Content/EngineDebugMaterials/M_VolumeRenderSphereTracePP.uasset" 223
"../../../Engine/Content/EngineDebugMaterials/M_VolumeRenderSphereTracePP.uexp" 224
"../../../Engine/Content/EngineDebugMaterials/M_SimpleUnlitTranslucent.uasset" 225
"../../../Engine/Content/EngineDebugMaterials/M_SimpleUnlitTranslucent.uexp" 226
"../../../Engine/Content/EngineDebugMaterials/DebugMeshMaterial.uasset" 227
"../../../Engine/Content/EngineDebugMaterials/DebugMeshMaterial.uexp" 228
"../../../Engine/Content/EngineDebugMaterials/DebugEditorMaterial.uasset" 229
"../../../Engine/Content/EngineDebugMaterials/DebugEditorMaterial.uexp" 230
"../../../Engine/Content/EngineDamageTypes/DmgTypeBP_Environmental.uasset" 231
"../../../Engine/Content/EngineDamageTypes/DmgTypeBP_Environmental.uexp" 232
"../../../Engine/Content/EditorResources/S_TriggerSphere.uasset" 233
"../../../Engine/Content/EditorResources/S_TriggerSphere.uexp" 234
"../../../Engine/Content/EditorResources/S_TriggerCapsule.uasset" 235
"../../../Engine/Content/EditorResources/S_TriggerCapsule.uexp" 236
"../../../Engine/Content/EditorResources/S_TriggerBox.uasset" 237
"../../../Engine/Content/EditorResources/S_TriggerBox.uexp" 238
"../../../Engine/Content/EditorResources/S_Trigger.ubulk" 239
"../../../Engine/Content/EditorResources/S_Trigger.uasset" 240
"../../../Engine/Content/EditorResources/S_Trigger.uexp" 241
"../../../Engine/Content/EditorResources/S_Terrain.ubulk" 242
"../../../Engine/Content/EditorResources/S_Terrain.uasset" 243
"../../../Engine/Content/EditorResources/S_Terrain.uexp" 244
"../../../Engine/Content/EditorResources/S_Solver.ubulk" 245
"../../../Engine/Content/EditorResources/S_Solver.uasset" 246
"../../../Engine/Content/EditorResources/S_Solver.uexp" 247
"../../../Engine/Content/EditorResources/S_BoxReflectionCapture.uasset" 248
"../../../Engine/Content/EditorResources/S_BoxReflectionCapture.uexp" 249
"../../../Engine/Content/EditorResources/BSPVertex.uasset" 250
"../../../Engine/Content/EditorResources/BSPVertex.uexp" 251
"../../../Engine/Content/EditorMaterials/PreviewShadowIndicator.ubulk" 252
"../../../Engine/Content/EditorMaterials/PreviewShadowIndicator.uasset" 253
"../../../Engine/Content/EditorMaterials/PreviewShadowIndicator.uexp" 254
"../../../Engine/Content/EditorMaterials/PreviewShadowIndicatorMaterial.uasset" 255
"../../../Engine/Content/EditorMaterials/PreviewShadowIndicatorMaterial.uexp" 256
"../../../Engine/Content/EditorMaterials/PhAT_UnselectedMaterial.uasset" 257
"../../../Engine/Content/EditorMaterials/PhAT_UnselectedMaterial.uexp" 258
"../../../Engine/Content/EditorMaterials/PhAT_NoCollisionMaterial.uasset" 259
"../../../Engine/Content/EditorMaterials/PhAT_NoCollisionMaterial.uexp" 260
"../../../Engine/Plugins/VirtualProduction/CameraCalibrationCore/Content/Materials/M_DefaultOddSquare.uasset" 261
"../../../Engine/Plugins/VirtualProduction/CameraCalibrationCore/Content/Materials/M_DefaultOddSquare.uexp" 262
"../../../Engine/Plugins/VirtualProduction/CameraCalibrationCore/Content/Materials/M_DefaultEvenSquare.uasset" 263
"../../../Engine/Plugins/VirtualProduction/CameraCalibrationCore/Content/Materials/M_DefaultEvenSquare.uexp" 264
"../../../Engine/Plugins/Runtime/HairStrands/Content/Materials/HairMeshesDefaultMaterial.uasset" 265
"../../../Engine/Plugins/Runtime/HairStrands/Content/Materials/HairMeshesDefaultMaterial.uexp" 266
"../../../Engine/Plugins/Runtime/HairStrands/Content/Materials/HairDefaultMaterial.uasset" 267
"../../../Engine/Plugins/Runtime/HairStrands/Content/Materials/HairDefaultMaterial.uexp" 268
"../../../Engine/Content/Functions/Engine_MaterialFunctions02/Utility/MakeFloat2.uasset" 269
"../../../Engine/Content/Functions/Engine_MaterialFunctions02/Utility/MakeFloat2.uexp" 270
"../../../Engine/Content/Functions/Engine_MaterialFunctions02/Utility/MakeFloat3.uasset" 271
"../../../Engine/Content/Functions/Engine_MaterialFunctions02/Utility/MakeFloat3.uexp" 272
"../../../Engine/Content/EngineMaterials/HairDebugColor.uasset" 273
"../../../Engine/Content/EngineMaterials/HairDebugColor.uexp" 274
"../../../Engine/Content/EngineMaterials/HairColorMap.uasset" 275
"../../../Engine/Content/EngineMaterials/HairColorMap.uexp" 276
"../../../Engine/Plugins/Runtime/HairStrands/Content/Materials/HairGroupColors.uasset" 277
"../../../Engine/Plugins/Runtime/HairStrands/Content/Materials/HairGroupColors.uexp" 278
"../../../Engine/Plugins/Runtime/HairStrands/Content/Materials/HairDebugMaterial.uasset" 279
"../../../Engine/Plugins/Runtime/HairStrands/Content/Materials/HairDebugMaterial.uexp" 280
"../../../Engine/Plugins/Runtime/HairStrands/Content/Materials/HairCardsDefaultMaterial.uasset" 281
"../../../Engine/Plugins/Runtime/HairStrands/Content/Materials/HairCardsDefaultMaterial.uexp" 282
"../../../Engine/Plugins/Runtime/AudioWidgets/Content/Resources/ScrubHandleDown_Clamped.uasset" 283
"../../../Engine/Plugins/Runtime/AudioWidgets/Content/Resources/ScrubHandleDown_Clamped.uexp" 284
"../../../Engine/Plugins/Interchange/Assets/Content/Functions/MX_UsdPreviewSurface.uasset" 285
"../../../Engine/Plugins/Interchange/Assets/Content/Functions/MX_UsdPreviewSurface.uexp" 286
"../../../Engine/Plugins/Interchange/Assets/Content/Functions/MX_UniformEDF.uasset" 287
"../../../Engine/Plugins/Interchange/Assets/Content/Functions/MX_UniformEDF.uexp" 288
"../../../Engine/Plugins/Interchange/Assets/Content/Functions/MX_TranslucentBSDF.uasset" 289
"../../../Engine/Plugins/Interchange/Assets/Content/Functions/MX_TranslucentBSDF.uexp" 290
"../../../Engine/Plugins/Interchange/Assets/Content/Functions/MX_ThinFilmBSDF.uasset" 291
"../../../Engine/Plugins/Interchange/Assets/Content/Functions/MX_ThinFilmBSDF.uexp" 292
"../../../Engine/Plugins/Interchange/Assets/Content/Functions/MX_SurfaceUnlit.uasset" 293
"../../../Engine/Plugins/Interchange/Assets/Content/Functions/MX_SurfaceUnlit.uexp" 294
"../../../Engine/Plugins/Interchange/Assets/Content/Functions/MX_Surface.uasset" 295
"../../../Engine/Plugins/Interchange/Assets/Content/Functions/MX_Surface.uexp" 296
"../../../Engine/Plugins/Interchange/Assets/Content/Functions/MX_SubsurfaceBSDF.uasset" 297
"../../../Engine/Plugins/Interchange/Assets/Content/Functions/MX_SubsurfaceBSDF.uexp" 298
"../../../Engine/Plugins/Interchange/Assets/Content/Functions/MX_SheenBSDF.uasset" 299
"../../../Engine/Plugins/Interchange/Assets/Content/Functions/MX_SheenBSDF.uexp" 300
"../../../Engine/Plugins/Interchange/Assets/Content/Functions/MX_OrenNayarBSDF.uasset" 301
"../../../Engine/Plugins/Interchange/Assets/Content/Functions/MX_OrenNayarBSDF.uexp" 302
"../../../Engine/Plugins/Interchange/Assets/Content/Functions/MF_IridescenceNoLUT.uasset" 303
"../../../Engine/Plugins/Interchange/Assets/Content/Functions/MF_IridescenceNoLUT.uexp" 304
"../../../Engine/Plugins/Interchange/Assets/Content/Functions/MX_StandardSurface.uasset" 305
"../../../Engine/Plugins/Interchange/Assets/Content/Functions/MX_StandardSurface.uexp" 306
"../../../Engine/Plugins/Interchange/Assets/Content/Functions/MX_TransmissionSurface.uasset" 307
"../../../Engine/Plugins/Interchange/Assets/Content/Functions/MX_TransmissionSurface.uexp" 308
"../../../Engine/Plugins/Interchange/Assets/Content/Functions/MX_OpenPBR_Translucent.uasset" 309
"../../../Engine/Plugins/Interchange/Assets/Content/Functions/MX_OpenPBR_Translucent.uexp" 310
"../../../Engine/Plugins/Interchange/Assets/Content/Functions/MX_OpenPBR_Opaque.uasset" 311
"../../../Engine/Plugins/Interchange/Assets/Content/Functions/MX_OpenPBR_Opaque.uexp" 312
"../../../Engine/Plugins/Interchange/Assets/Content/Functions/MX_MeasuredEDF.uasset" 313
"../../../Engine/Plugins/Interchange/Assets/Content/Functions/MX_MeasuredEDF.uexp" 314
"../../../Engine/Plugins/Interchange/Assets/Content/Functions/MX_GeneralizedSchlickBSDF.uasset" 315
"../../../Engine/Plugins/Interchange/Assets/Content/Functions/MX_GeneralizedSchlickBSDF.uexp" 316
"../../../Engine/Plugins/Interchange/Assets/Content/Functions/MX_Displacement.uasset" 317
"../../../Engine/Plugins/Interchange/Assets/Content/Functions/MX_Displacement.uexp" 318
"../../../Engine/Plugins/Interchange/Assets/Content/Functions/MX_DielectricBSDF.uasset" 319
"../../../Engine/Plugins/Interchange/Assets/Content/Functions/MX_DielectricBSDF.uexp" 320
"../../../Engine/Plugins/Interchange/Assets/Content/Functions/MX_ConicalEDF.uasset" 321
"../../../Engine/Plugins/Interchange/Assets/Content/Functions/MX_ConicalEDF.uexp" 322
"../../../Engine/Plugins/Interchange/Assets/Content/Functions/MX_ConductorBSDF.uasset" 323
"../../../Engine/Plugins/Interchange/Assets/Content/Functions/MX_ConductorBSDF.uexp" 324
"../../../Engine/Plugins/Interchange/Assets/Content/Functions/MX_BurleyDiffuseBSDF.uasset" 325
"../../../Engine/Plugins/Interchange/Assets/Content/Functions/MX_BurleyDiffuseBSDF.uexp" 326
"../../../Engine/Plugins/Interchange/Assets/Content/Functions/MX_AnisotropicVDF.uasset" 327
"../../../Engine/Plugins/Interchange/Assets/Content/Functions/MX_AnisotropicVDF.uexp" 328
"../../../Engine/Plugins/Interchange/Assets/Content/Functions/MX_AbsorptionVDF.uasset" 329
"../../../Engine/Plugins/Interchange/Assets/Content/Functions/MX_AbsorptionVDF.uexp" 330
"../../../Engine/Content/Functions/Engine_MaterialFunctions02/Utility/VectorLength.uasset" 331
"../../../Engine/Content/Functions/Engine_MaterialFunctions02/Utility/VectorLength.uexp" 332
"../../../Engine/Content/Functions/Engine_MaterialFunctions02/Utility/BreakOutFloat3Components.uasset" 333
"../../../Engine/Content/Functions/Engine_MaterialFunctions02/Utility/BreakOutFloat3Components.uexp" 334
"../../../Engine/Content/Functions/Engine_MaterialFunctions02/WorldPositionOffset/ObjectScale.uasset" 335
"../../../Engine/Content/Functions/Engine_MaterialFunctions02/WorldPositionOffset/ObjectScale.uexp" 336
"../../../Engine/Content/Functions/Engine_MaterialFunctions02/SafeNormalize.uasset" 337
"../../../Engine/Content/Functions/Engine_MaterialFunctions02/SafeNormalize.uexp" 338
"../../../Engine/Plugins/Editor/SpeedTreeImporter/Content/SpeedTree9/UnpackInteger3.uasset" 339
"../../../Engine/Plugins/Editor/SpeedTreeImporter/Content/SpeedTree9/UnpackInteger3.uexp" 340
"../../../Engine/Plugins/Editor/SpeedTreeImporter/Content/SpeedTree9/UnpackDirection.uasset" 341
"../../../Engine/Plugins/Editor/SpeedTreeImporter/Content/SpeedTree9/UnpackDirection.uexp" 342
"../../../Engine/Plugins/Editor/SpeedTreeImporter/Content/SpeedTree9/game_wind_noise.ubulk" 343
"../../../Engine/Plugins/Editor/SpeedTreeImporter/Content/SpeedTree9/game_wind_noise.uasset" 344
"../../../Engine/Plugins/Editor/SpeedTreeImporter/Content/SpeedTree9/game_wind_noise.uexp" 345
"../../../Engine/Plugins/Editor/SpeedTreeImporter/Content/SpeedTree9/SpeedTreeWindMotion.uasset" 346
"../../../Engine/Plugins/Editor/SpeedTreeImporter/Content/SpeedTree9/SpeedTreeWindMotion.uexp" 347
"../../../Engine/Plugins/Editor/SpeedTreeImporter/Content/SpeedTree9/SpeedTreeBranchMotion.uasset" 348
"../../../Engine/Plugins/Editor/SpeedTreeImporter/Content/SpeedTree9/SpeedTreeBranchMotion.uexp" 349
"../../../Engine/Content/Functions/Engine_MaterialFunctions02/ObjectLocalBounds.uasset" 350
"../../../Engine/Content/Functions/Engine_MaterialFunctions02/ObjectLocalBounds.uexp" 351
"../../../Engine/Content/Functions/Engine_MaterialFunctions02/UVs/BoundingBoxBased_0-1_UVW.uasset" 352
"../../../Engine/Content/Functions/Engine_MaterialFunctions02/UVs/BoundingBoxBased_0-1_UVW.uexp" 353
"../../../Engine/Plugins/Editor/SpeedTreeImporter/Content/SpeedTree9/SpeedTreeWind.uasset" 354
"../../../Engine/Plugins/Editor/SpeedTreeImporter/Content/SpeedTree9/SpeedTreeWind.uexp" 355
"../../../Engine/Plugins/Editor/SpeedTreeImporter/Content/SpeedTree9/SpeedTreeCameraFacing.uasset" 356
"../../../Engine/Plugins/Editor/SpeedTreeImporter/Content/SpeedTree9/SpeedTreeCameraFacing.uexp" 357
"../../../Engine/Plugins/Editor/SpeedTreeImporter/Content/SpeedTree9/EmptyNormal.uasset" 358
"../../../Engine/Plugins/Editor/SpeedTreeImporter/Content/SpeedTree9/EmptyNormal.uexp" 359
"../../../Engine/Plugins/Editor/SpeedTreeImporter/Content/SpeedTree9/Empty.uasset" 360
"../../../Engine/Plugins/Editor/SpeedTreeImporter/Content/SpeedTree9/Empty.uexp" 361
"../../../Engine/Plugins/Editor/SpeedTreeImporter/Content/SpeedTree9/SpeedTreeMaster.uasset" 362
"../../../Engine/Plugins/Editor/SpeedTreeImporter/Content/SpeedTree9/SpeedTreeMaster.uexp" 363
"../../../Engine/Plugins/Editor/SpeedTreeImporter/Content/SpeedTree9/SpeedTreeBillboard.uasset" 364
"../../../Engine/Plugins/Editor/SpeedTreeImporter/Content/SpeedTree9/SpeedTreeBillboard.uexp" 365
"../../../Engine/Plugins/Editor/SpeedTreeImporter/Content/SpeedTree9/SpeedTreeBillboardMaster.uasset" 366
"../../../Engine/Plugins/Editor/SpeedTreeImporter/Content/SpeedTree9/SpeedTreeBillboardMaster.uexp" 367
"../../../Engine/Plugins/Animation/ControlRig/Content/Controls/ControlRigXRayMaterial.uasset" 368
"../../../Engine/Plugins/Animation/ControlRig/Content/Controls/ControlRigXRayMaterial.uexp" 369
"../../../Engine/Plugins/Animation/ControlRig/Content/Controls/ControlRigGizmoMaterial.uasset" 370
"../../../Engine/Plugins/Animation/ControlRig/Content/Controls/ControlRigGizmoMaterial.uexp" 371
"../../../Engine/Content/EngineResources/FilmGrains/Marcie_Grain_v3_128_M2_000.uasset" 372
"../../../Engine/Content/EngineResources/FilmGrains/Marcie_Grain_v3_128_M2_000.uexp" 373
"../../../Engine/Content/EngineResources/Development/ZenLogo_64.uasset" 374
"../../../Engine/Content/EngineResources/Development/ZenLogo_64.uexp" 375
"../../../Engine/Content/EngineMaterials/LTC/Sheen_LTC.uasset" 376
"../../../Engine/Content/EngineMaterials/LTC/Sheen_LTC.uexp" 377
"../../../Engine/Content/EngineMaterials/LTC/GGX_LTCMat.uasset" 378
"../../../Engine/Content/EngineMaterials/LTC/GGX_LTCMat.uexp" 379
"../../../Engine/Content/EngineMaterials/LTC/GGX_LTCAmp.uasset" 380
"../../../Engine/Content/EngineMaterials/LTC/GGX_LTCAmp.uexp" 381
"../../../Engine/Content/EngineMaterials/EnergyConservation/Sheen_Energy.uasset" 382
"../../../Engine/Content/EngineMaterials/EnergyConservation/Sheen_Energy.uexp" 383
"../../../Engine/Content/EngineMaterials/EnergyConservation/SheenLegacy_Energy.uasset" 384
"../../../Engine/Content/EngineMaterials/EnergyConservation/SheenLegacy_Energy.uexp" 385
"../../../Engine/Content/EngineMaterials/EnergyConservation/GGX_TransmissionEnergyArray.uasset" 386
"../../../Engine/Content/EngineMaterials/EnergyConservation/GGX_TransmissionEnergyArray.uexp" 387
"../../../Engine/Content/EngineMaterials/EnergyConservation/GGX_ReflectionEnergy.uasset" 388
"../../../Engine/Content/EngineMaterials/EnergyConservation/GGX_ReflectionEnergy.uexp" 389
"../../../Engine/Content/EngineMaterials/EnergyConservation/Diffuse_Energy.uasset" 390
"../../../Engine/Content/EngineMaterials/EnergyConservation/Diffuse_Energy.uexp" 391
"../../../Engine/Content/EditorResources/SequenceRecorder/RecordingIndicator.uasset" 392
"../../../Engine/Content/EditorResources/SequenceRecorder/RecordingIndicator.uexp" 393
"../../../Engine/Content/EditorResources/SequenceRecorder/Countdown.uasset" 394
"../../../Engine/Content/EditorResources/SequenceRecorder/Countdown.uexp" 395
"../../../Engine/Content/EditorMaterials/Camera/CineMat.uasset" 396
"../../../Engine/Content/EditorMaterials/Camera/CineMat.uexp" 397
"../../../Engine/Content/EditorMaterials/Camera/MI_CineMat_Rig.uasset" 398
"../../../Engine/Content/EditorMaterials/Camera/MI_CineMat_Rig.uexp" 399
"../../../Engine/Content/EditorMeshes/Camera/SM_RailRig_Track.ubulk" 400
"../../../Engine/Content/EditorMeshes/Camera/SM_RailRig_Track.uasset" 401
"../../../Engine/Content/EditorMeshes/Camera/SM_RailRig_Track.uexp" 402
"../../../Engine/Content/EditorMeshes/Camera/SM_RailRig_Mount.ubulk" 403
"../../../Engine/Content/EditorMeshes/Camera/SM_RailRig_Mount.uasset" 404
"../../../Engine/Content/EditorMeshes/Camera/SM_RailRig_Mount.uexp" 405
"../../../Engine/Content/EditorMeshes/Camera/SM_CraneRig_Mount.ubulk" 406
"../../../Engine/Content/EditorMeshes/Camera/SM_CraneRig_Mount.uasset" 407
"../../../Engine/Content/EditorMeshes/Camera/SM_CraneRig_Mount.uexp" 408
"../../../Engine/Content/EditorMeshes/Camera/SM_CraneRig_Body.ubulk" 409
"../../../Engine/Content/EditorMeshes/Camera/SM_CraneRig_Body.uasset" 410
"../../../Engine/Content/EditorMeshes/Camera/SM_CraneRig_Body.uexp" 411
"../../../Engine/Content/EditorMeshes/Camera/SM_CraneRig_Base.ubulk" 412
"../../../Engine/Content/EditorMeshes/Camera/SM_CraneRig_Base.uasset" 413
"../../../Engine/Content/EditorMeshes/Camera/SM_CraneRig_Base.uexp" 414
"../../../Engine/Content/EditorMeshes/Camera/SM_CraneRig_Arm.ubulk" 415
"../../../Engine/Content/EditorMeshes/Camera/SM_CraneRig_Arm.uasset" 416
"../../../Engine/Content/EditorMeshes/Camera/SM_CraneRig_Arm.uexp" 417
"../../../Engine/Content/EditorMaterials/ParticleSystems/PSysThumbnail_OOD.ubulk" 418
"../../../Engine/Content/EditorMaterials/ParticleSystems/PSysThumbnail_OOD.uasset" 419
"../../../Engine/Content/EditorMaterials/ParticleSystems/PSysThumbnail_OOD.uexp" 420
"../../../Engine/Content/EditorMaterials/ParticleSystems/PSysThumbnail_NoImage.ubulk" 421
"../../../Engine/Content/EditorMaterials/ParticleSystems/PSysThumbnail_NoImage.uasset" 422
"../../../Engine/Content/EditorMaterials/ParticleSystems/PSysThumbnail_NoImage.uexp" 423
"../../../Engine/Content/EditorMaterials/Dataflow/DataflowVertexMaterial.uasset" 424
"../../../Engine/Content/EditorMaterials/Dataflow/DataflowVertexMaterial.uexp" 425
"../../../Engine/Content/EditorMaterials/Dataflow/DataflowTwoSidedVertexMaterial.uasset" 426
"../../../Engine/Content/EditorMaterials/Dataflow/DataflowTwoSidedVertexMaterial.uexp" 427
"../../../Engine/Content/EngineMaterials/T_Default_Material_Grid_M.ubulk" 428
"../../../Engine/Content/EngineMaterials/T_Default_Material_Grid_M.uasset" 429
"../../../Engine/Content/EngineMaterials/T_Default_Material_Grid_M.uexp" 430
"../../../Engine/Content/Functions/Engine_MaterialFunctions01/Opacity/CameraDepthFade.uasset" 431
"../../../Engine/Content/Functions/Engine_MaterialFunctions01/Opacity/CameraDepthFade.uexp" 432
"../../../Engine/Content/EngineMaterials/T_Default_Material_Grid_N.ubulk" 433
"../../../Engine/Content/EngineMaterials/T_Default_Material_Grid_N.uasset" 434
"../../../Engine/Content/EngineMaterials/T_Default_Material_Grid_N.uexp" 435
"../../../Engine/Content/EngineMaterials/WorldGridMaterial.uasset" 436
"../../../Engine/Content/EngineMaterials/WorldGridMaterial.uexp" 437
"../../../Engine/Content/ArtTools/RenderToTexture/Meshes/S_1_Unit_Plane.ubulk" 438
"../../../Engine/Content/ArtTools/RenderToTexture/Meshes/S_1_Unit_Plane.uasset" 439
"../../../Engine/Content/ArtTools/RenderToTexture/Meshes/S_1_Unit_Plane.uexp" 440
"../../../Engine/Content/Functions/Engine_MaterialFunctions01/Shading/PowerToRoughness.uasset" 441
"../../../Engine/Content/Functions/Engine_MaterialFunctions01/Shading/PowerToRoughness.uexp" 442
"../../../Engine/Content/Functions/Engine_MaterialFunctions01/Shading/ConvertFromDiffSpec.uasset" 443
"../../../Engine/Content/Functions/Engine_MaterialFunctions01/Shading/ConvertFromDiffSpec.uexp" 444
"../../../Engine/Content/EngineMaterials/Substrate/GLints/AGlintTex2dArray.uasset" 445
"../../../Engine/Content/EngineMaterials/Substrate/GLints/AGlintTex2dArray.uexp" 446
"../../../Engine/Content/EngineMeshes/Sphere.ubulk" 447
"../../../Engine/Content/EngineMeshes/Sphere.uasset" 448
"../../../Engine/Content/EngineMeshes/Sphere.uexp" 449
"../../../Engine/Content/EngineMaterials/Substrate/Glints2/AGlintTex2dArray2.uasset" 450
"../../../Engine/Content/EngineMaterials/Substrate/Glints2/AGlintTex2dArray2.uexp" 451
"../../../Engine/Content/VREditor/TransformGizmo/TranslucentTransformGizmoMaterial.uasset" 452
"../../../Engine/Content/VREditor/TransformGizmo/TranslucentTransformGizmoMaterial.uexp" 453
"../../../Engine/Content/VREditor/LaserPointer/VR_LaserPower_01.ubulk" 454
"../../../Engine/Content/VREditor/LaserPointer/VR_LaserPower_01.uasset" 455
"../../../Engine/Content/VREditor/LaserPointer/VR_LaserPower_01.uexp" 456
"../../../Engine/Content/VREditor/TransformGizmo/TransformGizmoMaterial.uasset" 457
"../../../Engine/Content/VREditor/TransformGizmo/TransformGizmoMaterial.uexp" 458
"../../../Engine/Content/VREditor/TransformGizmo/BoundingBoxCorner.ubulk" 459
"../../../Engine/Content/VREditor/TransformGizmo/BoundingBoxCorner.uasset" 460
"../../../Engine/Content/VREditor/TransformGizmo/BoundingBoxCorner.uexp" 461
"../../../Engine/Content/VREditor/TransformGizmo/BoundingBoxEdge.ubulk" 462
"../../../Engine/Content/VREditor/TransformGizmo/BoundingBoxEdge.uasset" 463
"../../../Engine/Content/VREditor/TransformGizmo/BoundingBoxEdge.uexp" 464
"../../../Engine/Content/VREditor/TransformGizmo/Xray.uasset" 465
"../../../Engine/Content/VREditor/TransformGizmo/Xray.uexp" 466
"../../../Engine/Content/VREditor/TransformGizmo/Main.uasset" 467
"../../../Engine/Content/VREditor/TransformGizmo/Main.uexp" 468
"../../../Engine/Content/VREditor/TransformGizmo/SM_Sequencer_Node.ubulk" 469
"../../../Engine/Content/VREditor/TransformGizmo/SM_Sequencer_Node.uasset" 470
"../../../Engine/Content/VREditor/TransformGizmo/SM_Sequencer_Node.uexp" 471
"../../../Engine/Plugins/Animation/ControlRig/Content/Controls/ControlRig_Arrow2_1mm.ubulk" 472
"../../../Engine/Plugins/Animation/ControlRig/Content/Controls/ControlRig_Arrow2_1mm.uasset" 473
"../../../Engine/Plugins/Animation/ControlRig/Content/Controls/ControlRig_Arrow2_1mm.uexp" 474
"../../../Engine/Plugins/Animation/ControlRig/Content/Controls/ControlRig_Arrow2_3mm.ubulk" 475
"../../../Engine/Plugins/Animation/ControlRig/Content/Controls/ControlRig_Arrow2_3mm.uasset" 476
"../../../Engine/Plugins/Animation/ControlRig/Content/Controls/ControlRig_Arrow2_3mm.uexp" 477
"../../../Engine/Plugins/Animation/ControlRig/Content/Controls/ControlRig_Arrow2_solid.ubulk" 478
"../../../Engine/Plugins/Animation/ControlRig/Content/Controls/ControlRig_Arrow2_solid.uasset" 479
"../../../Engine/Plugins/Animation/ControlRig/Content/Controls/ControlRig_Arrow2_solid.uexp" 480
"../../../Engine/Plugins/Animation/ControlRig/Content/Controls/ControlRig_Arrow4_1mm.ubulk" 481
"../../../Engine/Plugins/Animation/ControlRig/Content/Controls/ControlRig_Arrow4_1mm.uasset" 482
"../../../Engine/Plugins/Animation/ControlRig/Content/Controls/ControlRig_Arrow4_1mm.uexp" 483
"../../../Engine/Plugins/Animation/ControlRig/Content/Controls/ControlRig_Arrow4_3mm.ubulk" 484
"../../../Engine/Plugins/Animation/ControlRig/Content/Controls/ControlRig_Arrow4_3mm.uasset" 485
"../../../Engine/Plugins/Animation/ControlRig/Content/Controls/ControlRig_Arrow4_3mm.uexp" 486
"../../../Engine/Plugins/Animation/ControlRig/Content/Controls/ControlRig_Arrow4_solid.ubulk" 487
"../../../Engine/Plugins/Animation/ControlRig/Content/Controls/ControlRig_Arrow4_solid.uasset" 488
"../../../Engine/Plugins/Animation/ControlRig/Content/Controls/ControlRig_Arrow4_solid.uexp" 489
"../../../Engine/Plugins/Animation/ControlRig/Content/Controls/ControlRig_Arrow_1mm.ubulk" 490
"../../../Engine/Plugins/Animation/ControlRig/Content/Controls/ControlRig_Arrow_1mm.uasset" 491
"../../../Engine/Plugins/Animation/ControlRig/Content/Controls/ControlRig_Arrow_1mm.uexp" 492
"../../../Engine/Plugins/Animation/ControlRig/Content/Controls/ControlRig_Arrow_3mm.ubulk" 493
"../../../Engine/Plugins/Animation/ControlRig/Content/Controls/ControlRig_Arrow_3mm.uasset" 494
"../../../Engine/Plugins/Animation/ControlRig/Content/Controls/ControlRig_Arrow_3mm.uexp" 495
"../../../Engine/Plugins/Animation/ControlRig/Content/Controls/ControlRig_Arrow_solid.ubulk" 496
"../../../Engine/Plugins/Animation/ControlRig/Content/Controls/ControlRig_Arrow_solid.uasset" 497
"../../../Engine/Plugins/Animation/ControlRig/Content/Controls/ControlRig_Arrow_solid.uexp" 498
"../../../Engine/Plugins/Animation/ControlRig/Content/Controls/ControlRig_Box_1mm.ubulk" 499
"../../../Engine/Plugins/Animation/ControlRig/Content/Controls/ControlRig_Box_1mm.uasset" 500
"../../../Engine/Plugins/Animation/ControlRig/Content/Controls/ControlRig_Box_1mm.uexp" 501
"../../../Engine/Plugins/Animation/ControlRig/Content/Controls/ControlRig_Box_3mm.ubulk" 502
"../../../Engine/Plugins/Animation/ControlRig/Content/Controls/ControlRig_Box_3mm.uasset" 503
"../../../Engine/Plugins/Animation/ControlRig/Content/Controls/ControlRig_Box_3mm.uexp" 504
"../../../Engine/Plugins/Animation/ControlRig/Content/Controls/ControlRig_Box_solid.ubulk" 505
"../../../Engine/Plugins/Animation/ControlRig/Content/Controls/ControlRig_Box_solid.uasset" 506
"../../../Engine/Plugins/Animation/ControlRig/Content/Controls/ControlRig_Box_solid.uexp" 507
"../../../Engine/Plugins/Animation/ControlRig/Content/Controls/ControlRig_Circle_1mm.ubulk" 508
"../../../Engine/Plugins/Animation/ControlRig/Content/Controls/ControlRig_Circle_1mm.uasset" 509
"../../../Engine/Plugins/Animation/ControlRig/Content/Controls/ControlRig_Circle_1mm.uexp" 510
"../../../Engine/Plugins/Animation/ControlRig/Content/Controls/ControlRig_Circle_3mm.ubulk" 511
"../../../Engine/Plugins/Animation/ControlRig/Content/Controls/ControlRig_Circle_3mm.uasset" 512
"../../../Engine/Plugins/Animation/ControlRig/Content/Controls/ControlRig_Circle_3mm.uexp" 513
"../../../Engine/Plugins/Animation/ControlRig/Content/Controls/ControlRig_Circle_solid.ubulk" 514
"../../../Engine/Plugins/Animation/ControlRig/Content/Controls/ControlRig_Circle_solid.uasset" 515
"../../../Engine/Plugins/Animation/ControlRig/Content/Controls/ControlRig_Circle_solid.uexp" 516
"../../../Engine/Plugins/Animation/ControlRig/Content/Controls/ControlRig_Diamond_1mm.ubulk" 517
"../../../Engine/Plugins/Animation/ControlRig/Content/Controls/ControlRig_Diamond_1mm.uasset" 518
"../../../Engine/Plugins/Animation/ControlRig/Content/Controls/ControlRig_Diamond_1mm.uexp" 519
"../../../Engine/Plugins/Animation/ControlRig/Content/Controls/ControlRig_Diamond_3mm.ubulk" 520
"../../../Engine/Plugins/Animation/ControlRig/Content/Controls/ControlRig_Diamond_3mm.uasset" 521
"../../../Engine/Plugins/Animation/ControlRig/Content/Controls/ControlRig_Diamond_3mm.uexp" 522
"../../../Engine/Plugins/Animation/ControlRig/Content/Controls/ControlRig_Diamond_solid.ubulk" 523
"../../../Engine/Plugins/Animation/ControlRig/Content/Controls/ControlRig_Diamond_solid.uasset" 524
"../../../Engine/Plugins/Animation/ControlRig/Content/Controls/ControlRig_Diamond_solid.uexp" 525
"../../../Engine/Plugins/Animation/ControlRig/Content/Controls/ControlRig_HalfCircle_1mm.ubulk" 526
"../../../Engine/Plugins/Animation/ControlRig/Content/Controls/ControlRig_HalfCircle_1mm.uasset" 527
"../../../Engine/Plugins/Animation/ControlRig/Content/Controls/ControlRig_HalfCircle_1mm.uexp" 528
"../../../Engine/Plugins/Animation/ControlRig/Content/Controls/ControlRig_HalfCircle_3mm.ubulk" 529
"../../../Engine/Plugins/Animation/ControlRig/Content/Controls/ControlRig_HalfCircle_3mm.uasset" 530
"../../../Engine/Plugins/Animation/ControlRig/Content/Controls/ControlRig_HalfCircle_3mm.uexp" 531
"../../../Engine/Plugins/Animation/ControlRig/Content/Controls/ControlRig_HalfCircle_solid.ubulk" 532
"../../../Engine/Plugins/Animation/ControlRig/Content/Controls/ControlRig_HalfCircle_solid.uasset" 533
"../../../Engine/Plugins/Animation/ControlRig/Content/Controls/ControlRig_HalfCircle_solid.uexp" 534
"../../../Engine/Plugins/Animation/ControlRig/Content/Controls/ControlRig_Hexagon_1mm.ubulk" 535
"../../../Engine/Plugins/Animation/ControlRig/Content/Controls/ControlRig_Hexagon_1mm.uasset" 536
"../../../Engine/Plugins/Animation/ControlRig/Content/Controls/ControlRig_Hexagon_1mm.uexp" 537
"../../../Engine/Plugins/Animation/ControlRig/Content/Controls/ControlRig_Hexagon_3mm.ubulk" 538
"../../../Engine/Plugins/Animation/ControlRig/Content/Controls/ControlRig_Hexagon_3mm.uasset" 539
"../../../Engine/Plugins/Animation/ControlRig/Content/Controls/ControlRig_Hexagon_3mm.uexp" 540
"../../../Engine/Plugins/Animation/ControlRig/Content/Controls/ControlRig_Hexagon_solid.ubulk" 541
"../../../Engine/Plugins/Animation/ControlRig/Content/Controls/ControlRig_Hexagon_solid.uasset" 542
"../../../Engine/Plugins/Animation/ControlRig/Content/Controls/ControlRig_Hexagon_solid.uexp" 543
"../../../Engine/Plugins/Animation/ControlRig/Content/Controls/ControlRig_Octagon_1mm.ubulk" 544
"../../../Engine/Plugins/Animation/ControlRig/Content/Controls/ControlRig_Octagon_1mm.uasset" 545
"../../../Engine/Plugins/Animation/ControlRig/Content/Controls/ControlRig_Octagon_1mm.uexp" 546
"../../../Engine/Plugins/Animation/ControlRig/Content/Controls/ControlRig_Octagon_3mm.ubulk" 547
"../../../Engine/Plugins/Animation/ControlRig/Content/Controls/ControlRig_Octagon_3mm.uasset" 548
"../../../Engine/Plugins/Animation/ControlRig/Content/Controls/ControlRig_Octagon_3mm.uexp" 549
"../../../Engine/Plugins/Animation/ControlRig/Content/Controls/ControlRig_Octagon_solid.ubulk" 550
"../../../Engine/Plugins/Animation/ControlRig/Content/Controls/ControlRig_Octagon_solid.uasset" 551
"../../../Engine/Plugins/Animation/ControlRig/Content/Controls/ControlRig_Octagon_solid.uexp" 552
"../../../Engine/Plugins/Animation/ControlRig/Content/Controls/ControlRig_Pyramid_1mm.ubulk" 553
"../../../Engine/Plugins/Animation/ControlRig/Content/Controls/ControlRig_Pyramid_1mm.uasset" 554
"../../../Engine/Plugins/Animation/ControlRig/Content/Controls/ControlRig_Pyramid_1mm.uexp" 555
"../../../Engine/Plugins/Animation/ControlRig/Content/Controls/ControlRig_Pyramid_3mm.ubulk" 556
"../../../Engine/Plugins/Animation/ControlRig/Content/Controls/ControlRig_Pyramid_3mm.uasset" 557
"../../../Engine/Plugins/Animation/ControlRig/Content/Controls/ControlRig_Pyramid_3mm.uexp" 558
"../../../Engine/Plugins/Animation/ControlRig/Content/Controls/ControlRig_Pyramid_solid.ubulk" 559
"../../../Engine/Plugins/Animation/ControlRig/Content/Controls/ControlRig_Pyramid_solid.uasset" 560
"../../../Engine/Plugins/Animation/ControlRig/Content/Controls/ControlRig_Pyramid_solid.uexp" 561
"../../../Engine/Plugins/Animation/ControlRig/Content/Controls/ControlRig_QuarterCircle_1mm.ubulk" 562
"../../../Engine/Plugins/Animation/ControlRig/Content/Controls/ControlRig_QuarterCircle_1mm.uasset" 563
"../../../Engine/Plugins/Animation/ControlRig/Content/Controls/ControlRig_QuarterCircle_1mm.uexp" 564
"../../../Engine/Plugins/Animation/ControlRig/Content/Controls/ControlRig_QuarterCircle_3mm.ubulk" 565
"../../../Engine/Plugins/Animation/ControlRig/Content/Controls/ControlRig_QuarterCircle_3mm.uasset" 566
"../../../Engine/Plugins/Animation/ControlRig/Content/Controls/ControlRig_QuarterCircle_3mm.uexp" 567
"../../../Engine/Plugins/Animation/ControlRig/Content/Controls/ControlRig_QuarterCircle_solid.ubulk" 568
"../../../Engine/Plugins/Animation/ControlRig/Content/Controls/ControlRig_QuarterCircle_solid.uasset" 569
"../../../Engine/Plugins/Animation/ControlRig/Content/Controls/ControlRig_QuarterCircle_solid.uexp" 570
"../../../Engine/Plugins/Animation/ControlRig/Content/Controls/ControlRig_RoundedSquare_1mm.ubulk" 571
"../../../Engine/Plugins/Animation/ControlRig/Content/Controls/ControlRig_RoundedSquare_1mm.uasset" 572
"../../../Engine/Plugins/Animation/ControlRig/Content/Controls/ControlRig_RoundedSquare_1mm.uexp" 573
"../../../Engine/Plugins/Animation/ControlRig/Content/Controls/ControlRig_RoundedSquare_3mm.ubulk" 574
"../../../Engine/Plugins/Animation/ControlRig/Content/Controls/ControlRig_RoundedSquare_3mm.uasset" 575
"../../../Engine/Plugins/Animation/ControlRig/Content/Controls/ControlRig_RoundedSquare_3mm.uexp" 576
"../../../Engine/Plugins/Animation/ControlRig/Content/Controls/ControlRig_RoundedSquare_solid.ubulk" 577
"../../../Engine/Plugins/Animation/ControlRig/Content/Controls/ControlRig_RoundedSquare_solid.uasset" 578
"../../../Engine/Plugins/Animation/ControlRig/Content/Controls/ControlRig_RoundedSquare_solid.uexp" 579
"../../../Engine/Plugins/Animation/ControlRig/Content/Controls/ControlRig_RoundedTriangle_1mm.ubulk" 580
"../../../Engine/Plugins/Animation/ControlRig/Content/Controls/ControlRig_RoundedTriangle_1mm.uasset" 581
"../../../Engine/Plugins/Animation/ControlRig/Content/Controls/ControlRig_RoundedTriangle_1mm.uexp" 582
"../../../Engine/Plugins/Animation/ControlRig/Content/Controls/ControlRig_RoundedTriangle_3mm.ubulk" 583
"../../../Engine/Plugins/Animation/ControlRig/Content/Controls/ControlRig_RoundedTriangle_3mm.uasset" 584
"../../../Engine/Plugins/Animation/ControlRig/Content/Controls/ControlRig_RoundedTriangle_3mm.uexp" 585
"../../../Engine/Plugins/Animation/ControlRig/Content/Controls/ControlRig_RoundedTriangle_solid.ubulk" 586
"../../../Engine/Plugins/Animation/ControlRig/Content/Controls/ControlRig_RoundedTriangle_solid.uasset" 587
"../../../Engine/Plugins/Animation/ControlRig/Content/Controls/ControlRig_RoundedTriangle_solid.uexp" 588
"../../../Engine/Plugins/Animation/ControlRig/Content/Controls/ControlRig_Sphere_1mm.ubulk" 589
"../../../Engine/Plugins/Animation/ControlRig/Content/Controls/ControlRig_Sphere_1mm.uasset" 590
"../../../Engine/Plugins/Animation/ControlRig/Content/Controls/ControlRig_Sphere_1mm.uexp" 591
"../../../Engine/Plugins/Animation/ControlRig/Content/Controls/ControlRig_Sphere_3mm.ubulk" 592
"../../../Engine/Plugins/Animation/ControlRig/Content/Controls/ControlRig_Sphere_3mm.uasset" 593
"../../../Engine/Plugins/Animation/ControlRig/Content/Controls/ControlRig_Sphere_3mm.uexp" 594
"../../../Engine/Plugins/Animation/ControlRig/Content/Controls/ControlRig_Sphere_solid.ubulk" 595
"../../../Engine/Plugins/Animation/ControlRig/Content/Controls/ControlRig_Sphere_solid.uasset" 596
"../../../Engine/Plugins/Animation/ControlRig/Content/Controls/ControlRig_Sphere_solid.uexp" 597
"../../../Engine/Plugins/Animation/ControlRig/Content/Controls/ControlRig_Square_1mm.ubulk" 598
"../../../Engine/Plugins/Animation/ControlRig/Content/Controls/ControlRig_Square_1mm.uasset" 599
"../../../Engine/Plugins/Animation/ControlRig/Content/Controls/ControlRig_Square_1mm.uexp" 600
"../../../Engine/Plugins/Animation/ControlRig/Content/Controls/ControlRig_Square_3mm.ubulk" 601
"../../../Engine/Plugins/Animation/ControlRig/Content/Controls/ControlRig_Square_3mm.uasset" 602
"../../../Engine/Plugins/Animation/ControlRig/Content/Controls/ControlRig_Square_3mm.uexp" 603
"../../../Engine/Plugins/Animation/ControlRig/Content/Controls/ControlRig_Square_solid.ubulk" 604
"../../../Engine/Plugins/Animation/ControlRig/Content/Controls/ControlRig_Square_solid.uasset" 605
"../../../Engine/Plugins/Animation/ControlRig/Content/Controls/ControlRig_Square_solid.uexp" 606
"../../../Engine/Plugins/Animation/ControlRig/Content/Controls/ControlRig_Star4_1mm.ubulk" 607
"../../../Engine/Plugins/Animation/ControlRig/Content/Controls/ControlRig_Star4_1mm.uasset" 608
"../../../Engine/Plugins/Animation/ControlRig/Content/Controls/ControlRig_Star4_1mm.uexp" 609
"../../../Engine/Plugins/Animation/ControlRig/Content/Controls/ControlRig_Star4_3mm.ubulk" 610
"../../../Engine/Plugins/Animation/ControlRig/Content/Controls/ControlRig_Star4_3mm.uasset" 611
"../../../Engine/Plugins/Animation/ControlRig/Content/Controls/ControlRig_Star4_3mm.uexp" 612
"../../../Engine/Plugins/Animation/ControlRig/Content/Controls/ControlRig_Star4_solid.ubulk" 613
"../../../Engine/Plugins/Animation/ControlRig/Content/Controls/ControlRig_Star4_solid.uasset" 614
"../../../Engine/Plugins/Animation/ControlRig/Content/Controls/ControlRig_Star4_solid.uexp" 615
"../../../Engine/Plugins/Animation/ControlRig/Content/Controls/ControlRig_Triangle_1mm.ubulk" 616
"../../../Engine/Plugins/Animation/ControlRig/Content/Controls/ControlRig_Triangle_1mm.uasset" 617
"../../../Engine/Plugins/Animation/ControlRig/Content/Controls/ControlRig_Triangle_1mm.uexp" 618
"../../../Engine/Plugins/Animation/ControlRig/Content/Controls/ControlRig_Triangle_3mm.ubulk" 619
"../../../Engine/Plugins/Animation/ControlRig/Content/Controls/ControlRig_Triangle_3mm.uasset" 620
"../../../Engine/Plugins/Animation/ControlRig/Content/Controls/ControlRig_Triangle_3mm.uexp" 621
"../../../Engine/Plugins/Animation/ControlRig/Content/Controls/ControlRig_Triangle_solid.ubulk" 622
"../../../Engine/Plugins/Animation/ControlRig/Content/Controls/ControlRig_Triangle_solid.uasset" 623
"../../../Engine/Plugins/Animation/ControlRig/Content/Controls/ControlRig_Triangle_solid.uexp" 624
"../../../Engine/Plugins/Animation/ControlRig/Content/Controls/ControlRig_Wedge_1mm.ubulk" 625
"../../../Engine/Plugins/Animation/ControlRig/Content/Controls/ControlRig_Wedge_1mm.uasset" 626
"../../../Engine/Plugins/Animation/ControlRig/Content/Controls/ControlRig_Wedge_1mm.uexp" 627
"../../../Engine/Plugins/Animation/ControlRig/Content/Controls/ControlRig_Wedge_3mm.ubulk" 628
"../../../Engine/Plugins/Animation/ControlRig/Content/Controls/ControlRig_Wedge_3mm.uasset" 629
"../../../Engine/Plugins/Animation/ControlRig/Content/Controls/ControlRig_Wedge_3mm.uexp" 630
"../../../Engine/Plugins/Animation/ControlRig/Content/Controls/ControlRig_Wedge_solid.ubulk" 631
"../../../Engine/Plugins/Animation/ControlRig/Content/Controls/ControlRig_Wedge_solid.uasset" 632
"../../../Engine/Plugins/Animation/ControlRig/Content/Controls/ControlRig_Wedge_solid.uexp" 633
"../../../Engine/Content/EngineMaterials/WeightMapPlaceholderTexture.uasset" 634
"../../../Engine/Content/EngineMaterials/WeightMapPlaceholderTexture.uexp" 635
"../../../Engine/Content/EngineMaterials/WeightMapArrayPlaceholderTexture.uasset" 636
"../../../Engine/Content/EngineMaterials/WeightMapArrayPlaceholderTexture.uexp" 637
"../../../Engine/Content/EngineMaterials/DefaultMaterial.uasset" 638
"../../../Engine/Content/EngineMaterials/DefaultMaterial.uexp" 639
"../../../Engine/Content/BasicShapes/Cone.ubulk" 640
"../../../Engine/Content/BasicShapes/Cone.uasset" 641
"../../../Engine/Content/BasicShapes/Cone.uexp" 642
"../../../Engine/Content/EditorLandscapeResources/SplineEditorMeshMat.uasset" 643
"../../../Engine/Content/EditorLandscapeResources/SplineEditorMeshMat.uexp" 644
"../../../Engine/Content/EditorLandscapeResources/SplineEditorMesh.ubulk" 645
"../../../Engine/Content/EditorLandscapeResources/SplineEditorMesh.uasset" 646
"../../../Engine/Content/EditorLandscapeResources/SplineEditorMesh.uexp" 647
"../../../Engine/Plugins/Media/MediaPlate/Content/SM_MediaPlateScreen.ubulk" 648
"../../../Engine/Plugins/Media/MediaPlate/Content/SM_MediaPlateScreen.uasset" 649
"../../../Engine/Plugins/Media/MediaPlate/Content/SM_MediaPlateScreen.uexp" 650
"../../../Engine/Plugins/Interchange/Assets/Content/gltf/Textures/T_White_srgb.uasset" 651
"../../../Engine/Plugins/Interchange/Assets/Content/gltf/Textures/T_White_srgb.uexp" 652
"../../../Engine/Plugins/Interchange/Assets/Content/gltf/MaterialFunctions/MF_BaseColor.uasset" 653
"../../../Engine/Plugins/Interchange/Assets/Content/gltf/MaterialFunctions/MF_BaseColor.uexp" 654
"../../../Engine/Plugins/Interchange/Assets/Content/gltf/MaterialFunctions/MF_RotateV2.uasset" 655
"../../../Engine/Plugins/Interchange/Assets/Content/gltf/MaterialFunctions/MF_RotateV2.uexp" 656
"../../../Engine/Plugins/Interchange/Assets/Content/gltf/MaterialFunctions/MF_TransformUVs.uasset" 657
"../../../Engine/Plugins/Interchange/Assets/Content/gltf/MaterialFunctions/MF_TransformUVs.uexp" 658
"../../../Engine/Plugins/Interchange/Assets/Content/gltf/MaterialBodies/MF_Unlit_Body.uasset" 659
"../../../Engine/Plugins/Interchange/Assets/Content/gltf/MaterialBodies/MF_Unlit_Body.uexp" 660
"../../../Engine/Plugins/Interchange/Assets/Content/gltf/M_Unlit.uasset" 661
"../../../Engine/Plugins/Interchange/Assets/Content/gltf/M_Unlit.uexp" 662
"../../../Engine/Plugins/Interchange/Assets/Content/gltf/MaterialInstances/MI_Unlit_Opaque_DS.uasset" 663
"../../../Engine/Plugins/Interchange/Assets/Content/gltf/MaterialInstances/MI_Unlit_Opaque_DS.uexp" 664
"../../../Engine/Plugins/Interchange/Assets/Content/gltf/MaterialInstances/MI_Unlit_Opaque.uasset" 665
"../../../Engine/Plugins/Interchange/Assets/Content/gltf/MaterialInstances/MI_Unlit_Opaque.uexp" 666
"../../../Engine/Plugins/Interchange/Assets/Content/gltf/MaterialInstances/MI_Unlit_Mask_DS.uasset" 667
"../../../Engine/Plugins/Interchange/Assets/Content/gltf/MaterialInstances/MI_Unlit_Mask_DS.uexp" 668
"../../../Engine/Plugins/Interchange/Assets/Content/gltf/MaterialInstances/MI_Unlit_Mask.uasset" 669
"../../../Engine/Plugins/Interchange/Assets/Content/gltf/MaterialInstances/MI_Unlit_Mask.uexp" 670
"../../../Engine/Plugins/Interchange/Assets/Content/gltf/MaterialInstances/MI_Unlit_Blend_DS.uasset" 671
"../../../Engine/Plugins/Interchange/Assets/Content/gltf/MaterialInstances/MI_Unlit_Blend_DS.uexp" 672
"../../../Engine/Plugins/Interchange/Assets/Content/gltf/MaterialInstances/MI_Unlit_Blend.uasset" 673
"../../../Engine/Plugins/Interchange/Assets/Content/gltf/MaterialInstances/MI_Unlit_Blend.uexp" 674
"../../../Engine/Content/EngineMaterials/Good64x64TilingNoiseHighFreq.uasset" 675
"../../../Engine/Content/EngineMaterials/Good64x64TilingNoiseHighFreq.uexp" 676
"../../../Engine/Content/Functions/Engine_MaterialFunctions02/Texturing/ScreenAlignedPixelToPixelUVs.uasset" 677
"../../../Engine/Content/Functions/Engine_MaterialFunctions02/Texturing/ScreenAlignedPixelToPixelUVs.uexp" 678
"../../../Engine/Content/Functions/Engine_MaterialFunctions02/Math/Transform3x3Matrix.uasset" 679
"../../../Engine/Content/Functions/Engine_MaterialFunctions02/Math/Transform3x3Matrix.uexp" 680
"../../../Engine/Plugins/Interchange/Assets/Content/Utilities/New_LUT.uasset" 681
"../../../Engine/Plugins/Interchange/Assets/Content/Utilities/New_LUT.uexp" 682
"../../../Engine/Content/Functions/Engine_MaterialFunctions03/Math/RemapValueRange.uasset" 683
"../../../Engine/Content/Functions/Engine_MaterialFunctions03/Math/RemapValueRange.uexp" 684
"../../../Engine/Plugins/Interchange/Assets/Content/Functions/MF_Iridescence.uasset" 685
"../../../Engine/Plugins/Interchange/Assets/Content/Functions/MF_Iridescence.uexp" 686
"../../../Engine/Plugins/Interchange/Assets/Content/gltf/MaterialFunctions/MF_Fresnel_DS.uasset" 687
"../../../Engine/Plugins/Interchange/Assets/Content/gltf/MaterialFunctions/MF_Fresnel_DS.uexp" 688
"../../../Engine/Plugins/Interchange/Assets/Content/gltf/MaterialFunctions/MF_IOR.uasset" 689
"../../../Engine/Plugins/Interchange/Assets/Content/gltf/MaterialFunctions/MF_IOR.uexp" 690
"../../../Engine/Plugins/Interchange/Assets/Content/gltf/MaterialFunctions/MF_Iridescence.uasset" 691
"../../../Engine/Plugins/Interchange/Assets/Content/gltf/MaterialFunctions/MF_Iridescence.uexp" 692
"../../../Engine/Plugins/Interchange/Assets/Content/gltf/Textures/T_White_Linear.uasset" 693
"../../../Engine/Plugins/Interchange/Assets/Content/gltf/Textures/T_White_Linear.uexp" 694
"../../../Engine/Plugins/Interchange/Assets/Content/gltf/MaterialFunctions/MF_MetallicRoughness.uasset" 695
"../../../Engine/Plugins/Interchange/Assets/Content/gltf/MaterialFunctions/MF_MetallicRoughness.uexp" 696
"../../../Engine/Plugins/Interchange/Assets/Content/gltf/MaterialFunctions/MF_RotateNormals_TS.uasset" 697
"../../../Engine/Plugins/Interchange/Assets/Content/gltf/MaterialFunctions/MF_RotateNormals_TS.uexp" 698
"../../../Engine/Plugins/Interchange/Assets/Content/gltf/MaterialFunctions/MF_ScaleNormal.uasset" 699
"../../../Engine/Plugins/Interchange/Assets/Content/gltf/MaterialFunctions/MF_ScaleNormal.uexp" 700
"../../../Engine/Plugins/Interchange/Assets/Content/gltf/Textures/T_Generic_N.uasset" 701
"../../../Engine/Plugins/Interchange/Assets/Content/gltf/Textures/T_Generic_N.uexp" 702
"../../../Engine/Plugins/Interchange/Assets/Content/gltf/MaterialFunctions/MF_Normals.uasset" 703
"../../../Engine/Plugins/Interchange/Assets/Content/gltf/MaterialFunctions/MF_Normals.uexp" 704
"../../../Engine/Plugins/Interchange/Assets/Content/gltf/MaterialFunctions/MF_Occlusion.uasset" 705
"../../../Engine/Plugins/Interchange/Assets/Content/gltf/MaterialFunctions/MF_Occlusion.uexp" 706
"../../../Engine/Plugins/Interchange/Assets/Content/gltf/MaterialFunctions/MF_Specular.uasset" 707
"../../../Engine/Plugins/Interchange/Assets/Content/gltf/MaterialFunctions/MF_Specular.uexp" 708
"../../../Engine/Plugins/Interchange/Assets/Content/gltf/Textures/T_Anisotropy_Direction_Linear.uasset" 709
"../../../Engine/Plugins/Interchange/Assets/Content/gltf/Textures/T_Anisotropy_Direction_Linear.uexp" 710
"../../../Engine/Plugins/Interchange/Assets/Content/gltf/MaterialFunctions/MF_SpecularAnisotropy.uasset" 711
"../../../Engine/Plugins/Interchange/Assets/Content/gltf/MaterialFunctions/MF_SpecularAnisotropy.uexp" 712
"../../../Engine/Plugins/Interchange/Assets/Content/gltf/MaterialFunctions/MF_Temporal_Blur.uasset" 713
"../../../Engine/Plugins/Interchange/Assets/Content/gltf/MaterialFunctions/MF_Temporal_Blur.uexp" 714
"../../../Engine/Plugins/Interchange/Assets/Content/gltf/MaterialFunctions/MF_Transmission.uasset" 715
"../../../Engine/Plugins/Interchange/Assets/Content/gltf/MaterialFunctions/MF_Transmission.uexp" 716
"../../../Engine/Plugins/Interchange/Assets/Content/gltf/MaterialBodies/MF_Transmission_Body.uasset" 717
"../../../Engine/Plugins/Interchange/Assets/Content/gltf/MaterialBodies/MF_Transmission_Body.uexp" 718
"../../../Engine/Plugins/Interchange/Assets/Content/gltf/M_Transmission.uasset" 719
"../../../Engine/Plugins/Interchange/Assets/Content/gltf/M_Transmission.uexp" 720
"../../../Engine/Plugins/Interchange/Assets/Content/gltf/MaterialInstances/MI_Transmission_DS.uasset" 721
"../../../Engine/Plugins/Interchange/Assets/Content/gltf/MaterialInstances/MI_Transmission_DS.uexp" 722
"../../../Engine/Plugins/Interchange/Assets/Content/gltf/MaterialInstances/MI_Transmission.uasset" 723
"../../../Engine/Plugins/Interchange/Assets/Content/gltf/MaterialInstances/MI_Transmission.uexp" 724
"../../../Engine/Content/Functions/Engine_MaterialFunctions02/Math/AddComponents.uasset" 725
"../../../Engine/Content/Functions/Engine_MaterialFunctions02/Math/AddComponents.uexp" 726
"../../../Engine/Plugins/Interchange/Assets/Content/gltf/MaterialFunctions/MF_DiffuseSpecGloss.uasset" 727
"../../../Engine/Plugins/Interchange/Assets/Content/gltf/MaterialFunctions/MF_DiffuseSpecGloss.uexp" 728
"../../../Engine/Plugins/Interchange/Assets/Content/gltf/MaterialFunctions/MF_Emissive.uasset" 729
"../../../Engine/Plugins/Interchange/Assets/Content/gltf/MaterialFunctions/MF_Emissive.uexp" 730
"../../../Engine/Plugins/Interchange/Assets/Content/gltf/MaterialFunctions/MF_MaxComponentValue.uasset" 731
"../../../Engine/Plugins/Interchange/Assets/Content/gltf/MaterialFunctions/MF_MaxComponentValue.uexp" 732
"../../../Engine/Plugins/Interchange/Assets/Content/gltf/MaterialFunctions/MF_PerceivedBrightness.uasset" 733
"../../../Engine/Plugins/Interchange/Assets/Content/gltf/MaterialFunctions/MF_PerceivedBrightness.uexp" 734
"../../../Engine/Plugins/Interchange/Assets/Content/gltf/MaterialFunctions/MF_SpecGlossToMetalRoughness.uasset" 735
"../../../Engine/Plugins/Interchange/Assets/Content/gltf/MaterialFunctions/MF_SpecGlossToMetalRoughness.uexp" 736
"../../../Engine/Plugins/Interchange/Assets/Content/gltf/MaterialBodies/MF_SpecularGlossiness_Body.uasset" 737
"../../../Engine/Plugins/Interchange/Assets/Content/gltf/MaterialBodies/MF_SpecularGlossiness_Body.uexp" 738
"../../../Engine/Plugins/Interchange/Assets/Content/gltf/M_SpecularGlossiness.uasset" 739
"../../../Engine/Plugins/Interchange/Assets/Content/gltf/M_SpecularGlossiness.uexp" 740
"../../../Engine/Plugins/Interchange/Assets/Content/gltf/MaterialInstances/MI_SpecularGlossiness_Opaque_DS.uasset" 741
"../../../Engine/Plugins/Interchange/Assets/Content/gltf/MaterialInstances/MI_SpecularGlossiness_Opaque_DS.uexp" 742
"../../../Engine/Plugins/Interchange/Assets/Content/gltf/MaterialInstances/MI_SpecularGlossiness_Opaque.uasset" 743
"../../../Engine/Plugins/Interchange/Assets/Content/gltf/MaterialInstances/MI_SpecularGlossiness_Opaque.uexp" 744
"../../../Engine/Plugins/Interchange/Assets/Content/gltf/MaterialInstances/MI_SpecularGlossiness_Mask_DS.uasset" 745
"../../../Engine/Plugins/Interchange/Assets/Content/gltf/MaterialInstances/MI_SpecularGlossiness_Mask_DS.uexp" 746
"../../../Engine/Plugins/Interchange/Assets/Content/gltf/MaterialInstances/MI_SpecularGlossiness_Mask.uasset" 747
"../../../Engine/Plugins/Interchange/Assets/Content/gltf/MaterialInstances/MI_SpecularGlossiness_Mask.uexp" 748
"../../../Engine/Plugins/Interchange/Assets/Content/gltf/MaterialInstances/MI_SpecularGlossiness_Blend_DS.uasset" 749
"../../../Engine/Plugins/Interchange/Assets/Content/gltf/MaterialInstances/MI_SpecularGlossiness_Blend_DS.uexp" 750
"../../../Engine/Plugins/Interchange/Assets/Content/gltf/MaterialInstances/MI_SpecularGlossiness_Blend.uasset" 751
"../../../Engine/Plugins/Interchange/Assets/Content/gltf/MaterialInstances/MI_SpecularGlossiness_Blend.uexp" 752
"../../../Engine/Plugins/Interchange/Assets/Content/gltf/MaterialFunctions/MF_Sheen.uasset" 753
"../../../Engine/Plugins/Interchange/Assets/Content/gltf/MaterialFunctions/MF_Sheen.uexp" 754
"../../../Engine/Plugins/Interchange/Assets/Content/gltf/MaterialBodies/MF_Sheen_Body.uasset" 755
"../../../Engine/Plugins/Interchange/Assets/Content/gltf/MaterialBodies/MF_Sheen_Body.uexp" 756
"../../../Engine/Plugins/Interchange/Assets/Content/gltf/M_Sheen.uasset" 757
"../../../Engine/Plugins/Interchange/Assets/Content/gltf/M_Sheen.uexp" 758
"../../../Engine/Plugins/Interchange/Assets/Content/gltf/MaterialInstances/MI_Sheen_Opaque_DS.uasset" 759
"../../../Engine/Plugins/Interchange/Assets/Content/gltf/MaterialInstances/MI_Sheen_Opaque_DS.uexp" 760
"../../../Engine/Plugins/Interchange/Assets/Content/gltf/MaterialInstances/MI_Sheen_Opaque.uasset" 761
"../../../Engine/Plugins/Interchange/Assets/Content/gltf/MaterialInstances/MI_Sheen_Opaque.uexp" 762
"../../../Engine/Plugins/Interchange/Assets/Content/gltf/MaterialInstances/MI_Sheen_Mask_DS.uasset" 763
"../../../Engine/Plugins/Interchange/Assets/Content/gltf/MaterialInstances/MI_Sheen_Mask_DS.uexp" 764
"../../../Engine/Plugins/Interchange/Assets/Content/gltf/MaterialInstances/MI_Sheen_Mask.uasset" 765
"../../../Engine/Plugins/Interchange/Assets/Content/gltf/MaterialInstances/MI_Sheen_Mask.uexp" 766
"../../../Engine/Plugins/Interchange/Assets/Content/gltf/MaterialInstances/MI_Sheen_Blend_DS.uasset" 767
"../../../Engine/Plugins/Interchange/Assets/Content/gltf/MaterialInstances/MI_Sheen_Blend_DS.uexp" 768
"../../../Engine/Plugins/Interchange/Assets/Content/gltf/MaterialInstances/MI_Sheen_Blend.uasset" 769
"../../../Engine/Plugins/Interchange/Assets/Content/gltf/MaterialInstances/MI_Sheen_Blend.uexp" 770
"../../../Engine/Plugins/Interchange/Assets/Content/gltf/MaterialBodies/MF_Default_Body.uasset" 771
"../../../Engine/Plugins/Interchange/Assets/Content/gltf/MaterialBodies/MF_Default_Body.uexp" 772
"../../../Engine/Plugins/Interchange/Assets/Content/gltf/M_Default.uasset" 773
"../../../Engine/Plugins/Interchange/Assets/Content/gltf/M_Default.uexp" 774
"../../../Engine/Plugins/Interchange/Assets/Content/gltf/MaterialInstances/MI_Default_Opaque_DS.uasset" 775
"../../../Engine/Plugins/Interchange/Assets/Content/gltf/MaterialInstances/MI_Default_Opaque_DS.uexp" 776
"../../../Engine/Plugins/Interchange/Assets/Content/gltf/MaterialInstances/MI_Default_Opaque.uasset" 777
"../../../Engine/Plugins/Interchange/Assets/Content/gltf/MaterialInstances/MI_Default_Opaque.uexp" 778
"../../../Engine/Plugins/Interchange/Assets/Content/gltf/MaterialInstances/MI_Default_Mask_DS.uasset" 779
"../../../Engine/Plugins/Interchange/Assets/Content/gltf/MaterialInstances/MI_Default_Mask_DS.uexp" 780
"../../../Engine/Plugins/Interchange/Assets/Content/gltf/MaterialInstances/MI_Default_Mask.uasset" 781
"../../../Engine/Plugins/Interchange/Assets/Content/gltf/MaterialInstances/MI_Default_Mask.uexp" 782
"../../../Engine/Plugins/Interchange/Assets/Content/gltf/MaterialInstances/MI_Default_Blend_DS.uasset" 783
"../../../Engine/Plugins/Interchange/Assets/Content/gltf/MaterialInstances/MI_Default_Blend_DS.uexp" 784
"../../../Engine/Plugins/Interchange/Assets/Content/gltf/MaterialInstances/MI_Default_Blend.uasset" 785
"../../../Engine/Plugins/Interchange/Assets/Content/gltf/MaterialInstances/MI_Default_Blend.uexp" 786
"../../../Engine/Content/Functions/Engine_MaterialFunctions01/Texturing/FlattenNormal.uasset" 787
"../../../Engine/Content/Functions/Engine_MaterialFunctions01/Texturing/FlattenNormal.uexp" 788
"../../../Engine/Plugins/Interchange/Assets/Content/gltf/MaterialFunctions/MF_Clearcoat.uasset" 789
"../../../Engine/Plugins/Interchange/Assets/Content/gltf/MaterialFunctions/MF_Clearcoat.uexp" 790
"../../../Engine/Plugins/Interchange/Assets/Content/gltf/MaterialBodies/MF_ClearCoat_Body.uasset" 791
"../../../Engine/Plugins/Interchange/Assets/Content/gltf/MaterialBodies/MF_ClearCoat_Body.uexp" 792
"../../../Engine/Plugins/Interchange/Assets/Content/gltf/M_ClearCoat.uasset" 793
"../../../Engine/Plugins/Interchange/Assets/Content/gltf/M_ClearCoat.uexp" 794
"../../../Engine/Plugins/Interchange/Assets/Content/gltf/MaterialInstances/MI_ClearCoat_Opaque_DS.uasset" 795
"../../../Engine/Plugins/Interchange/Assets/Content/gltf/MaterialInstances/MI_ClearCoat_Opaque_DS.uexp" 796
"../../../Engine/Plugins/Interchange/Assets/Content/gltf/MaterialInstances/MI_ClearCoat_Opaque.uasset" 797
"../../../Engine/Plugins/Interchange/Assets/Content/gltf/MaterialInstances/MI_ClearCoat_Opaque.uexp" 798
"../../../Engine/Plugins/Interchange/Assets/Content/gltf/MaterialInstances/MI_ClearCoat_Mask_DS.uasset" 799
"../../../Engine/Plugins/Interchange/Assets/Content/gltf/MaterialInstances/MI_ClearCoat_Mask_DS.uexp" 800
"../../../Engine/Plugins/Interchange/Assets/Content/gltf/MaterialInstances/MI_ClearCoat_Mask.uasset" 801
"../../../Engine/Plugins/Interchange/Assets/Content/gltf/MaterialInstances/MI_ClearCoat_Mask.uexp" 802
"../../../Engine/Plugins/Interchange/Assets/Content/gltf/MaterialInstances/MI_ClearCoat_Blend_DS.uasset" 803
"../../../Engine/Plugins/Interchange/Assets/Content/gltf/MaterialInstances/MI_ClearCoat_Blend_DS.uexp" 804
"../../../Engine/Plugins/Interchange/Assets/Content/gltf/MaterialInstances/MI_ClearCoat_Blend.uasset" 805
"../../../Engine/Plugins/Interchange/Assets/Content/gltf/MaterialInstances/MI_ClearCoat_Blend.uexp" 806
"../../../Engine/Content/EngineMaterials/Substrate/Volume/SubstrateSimpleVolumeEnvLUT3D.uasset" 807
"../../../Engine/Content/EngineMaterials/Substrate/Volume/SubstrateSimpleVolumeEnvLUT3D.uexp" 808
"../../../Engine/Content/EngineMaterials/Substrate/Volume/SubstrateSimpleVolumeLUT3D.uasset" 809
"../../../Engine/Content/EngineMaterials/Substrate/Volume/SubstrateSimpleVolumeLUT3D.uexp" 810
"../../../Engine/Content/EngineResources/WhiteSquareTexture.uasset" 811
"../../../Engine/Content/EngineResources/WhiteSquareTexture.uexp" 812
"../../../Engine/Content/EngineMaterials/Widget3DPassThrough.uasset" 813
"../../../Engine/Content/EngineMaterials/Widget3DPassThrough.uexp" 814
"../../../Engine/Content/EngineMaterials/Widget3DPassThrough_Masked.uasset" 815
"../../../Engine/Content/EngineMaterials/Widget3DPassThrough_Masked.uexp" 816
"../../../Engine/Content/EngineMaterials/Widget3DPassThrough_Opaque.uasset" 817
"../../../Engine/Content/EngineMaterials/Widget3DPassThrough_Opaque.uexp" 818
"../../../Engine/Content/EngineMaterials/Widget3DPassThrough_Masked_OneSided.uasset" 819
"../../../Engine/Content/EngineMaterials/Widget3DPassThrough_Masked_OneSided.uexp" 820
"../../../Engine/Content/EngineMaterials/Widget3DPassThrough_Opaque_OneSided.uasset" 821
"../../../Engine/Content/EngineMaterials/Widget3DPassThrough_Opaque_OneSided.uexp" 822
"../../../Engine/Content/EngineMaterials/Widget3DPassThrough_Translucent.uasset" 823
"../../../Engine/Content/EngineMaterials/Widget3DPassThrough_Translucent.uexp" 824
"../../../Engine/Content/EngineMaterials/Widget3DPassThrough_Translucent_OneSided.uasset" 825
"../../../Engine/Content/EngineMaterials/Widget3DPassThrough_Translucent_OneSided.uexp" 826
"../../../Engine/Content/EngineResources/DefaultTextureCube.uasset" 827
"../../../Engine/Content/EngineResources/DefaultTextureCube.uexp" 828
"../../../Engine/Content/EditorLandscapeResources/ColorMaskBrushMaterial.uasset" 829
"../../../Engine/Content/EditorLandscapeResources/ColorMaskBrushMaterial.uexp" 830
"../../../Engine/Content/EditorLandscapeResources/ColorMaskBrushMaterial_MaskedRegion.uasset" 831
"../../../Engine/Content/EditorLandscapeResources/ColorMaskBrushMaterial_MaskedRegion.uexp" 832
"../../../Engine/Content/Functions/Engine_MaterialFunctions03/Math/WithinRangeFloat2.uasset" 833
"../../../Engine/Content/Functions/Engine_MaterialFunctions03/Math/WithinRangeFloat2.uexp" 834
"../../../Engine/Content/EditorLandscapeResources/MaskBrushMaterial.uasset" 835
"../../../Engine/Content/EditorLandscapeResources/MaskBrushMaterial.uexp" 836
"../../../Engine/Content/EditorLandscapeResources/MaskBrushMaterial_MaskedRegion.uasset" 837
"../../../Engine/Content/EditorLandscapeResources/MaskBrushMaterial_MaskedRegion.uexp" 838
"../../../Engine/Content/EditorLandscapeResources/SelectBrushMaterial.uasset" 839
"../../../Engine/Content/EditorLandscapeResources/SelectBrushMaterial.uexp" 840
"../../../Engine/Content/EditorLandscapeResources/SelectBrushMaterial_Selected.uasset" 841
"../../../Engine/Content/EditorLandscapeResources/SelectBrushMaterial_Selected.uexp" 842
"../../../Engine/Content/EditorLandscapeResources/SelectBrushMaterial_SelectedRegion.uasset" 843
"../../../Engine/Content/EditorLandscapeResources/SelectBrushMaterial_SelectedRegion.uexp" 844
"../../../Engine/Plugins/2D/Paper2D/Content/DefaultSpriteMaterial.uasset" 845
"../../../Engine/Plugins/2D/Paper2D/Content/DefaultSpriteMaterial.uexp" 846
"../../../Engine/Plugins/2D/Paper2D/Content/MaskedUnlitSpriteMaterial.uasset" 847
"../../../Engine/Plugins/2D/Paper2D/Content/MaskedUnlitSpriteMaterial.uexp" 848
"../../../Engine/Plugins/2D/Paper2D/Content/OpaqueUnlitSpriteMaterial.uasset" 849
"../../../Engine/Plugins/2D/Paper2D/Content/OpaqueUnlitSpriteMaterial.uexp" 850
"../../../Engine/Content/VREditor/Sounds/UI/Drop_Item_From_ContentBrowser.ubulk" 851
"../../../Engine/Content/VREditor/Sounds/UI/Drop_Item_From_ContentBrowser.uasset" 852
"../../../Engine/Content/VREditor/Sounds/UI/Drop_Item_From_ContentBrowser.uexp" 853
"../../../Engine/Content/VREditor/TransformGizmo/TransformGizmoMaterial_Inst.uasset" 854
"../../../Engine/Content/VREditor/TransformGizmo/TransformGizmoMaterial_Inst.uexp" 855
"../../../Engine/Content/VREditor/TransformGizmo/TranslucentTransformGizmoMaterial_Inst.uasset" 856
"../../../Engine/Content/VREditor/TransformGizmo/TranslucentTransformGizmoMaterial_Inst.uexp" 857
"../../../Engine/Content/Functions/Engine_MaterialFunctions02/SplitComponents.uasset" 858
"../../../Engine/Content/Functions/Engine_MaterialFunctions02/SplitComponents.uexp" 859
"../../../Engine/Content/VREditor/SnapGrid/SnapGridMaterial.uasset" 860
"../../../Engine/Content/VREditor/SnapGrid/SnapGridMaterial.uexp" 861
"../../../Engine/Content/VREditor/SnapGrid/SnapGridPlaneMesh.ubulk" 862
"../../../Engine/Content/VREditor/SnapGrid/SnapGridPlaneMesh.uasset" 863
"../../../Engine/Content/VREditor/SnapGrid/SnapGridPlaneMesh.uexp" 864
"../../../Engine/Content/VREditor/Sounds/UI/Gizmo_Handle_Clicked.ubulk" 865
"../../../Engine/Content/VREditor/Sounds/UI/Gizmo_Handle_Clicked.uasset" 866
"../../../Engine/Content/VREditor/Sounds/UI/Gizmo_Handle_Clicked.uexp" 867
"../../../Engine/Content/VREditor/Sounds/UI/Object_PickUp.ubulk" 868
"../../../Engine/Content/VREditor/Sounds/UI/Object_PickUp.uasset" 869
"../../../Engine/Content/VREditor/Sounds/UI/Object_PickUp.uexp" 870
"../../../Engine/Content/VREditor/Sounds/UI/Object_Snaps_To_Another_Actor.ubulk" 871
"../../../Engine/Content/VREditor/Sounds/UI/Object_Snaps_To_Another_Actor.uasset" 872
"../../../Engine/Content/VREditor/Sounds/UI/Object_Snaps_To_Another_Actor.uexp" 873
"../../../Engine/Content/VREditor/Sounds/UI/Object_Snaps_To_Grid.ubulk" 874
"../../../Engine/Content/VREditor/Sounds/UI/Object_Snaps_To_Grid.uasset" 875
"../../../Engine/Content/VREditor/Sounds/UI/Object_Snaps_To_Grid.uexp" 876
"../../../Engine/Content/VREditor/Sounds/UI/Scaling_Down.ubulk" 877
"../../../Engine/Content/VREditor/Sounds/UI/Scaling_Down.uasset" 878
"../../../Engine/Content/VREditor/Sounds/UI/Scaling_Down.uexp" 879
"../../../Engine/Content/VREditor/Sounds/UI/Scaling_Up.ubulk" 880
"../../../Engine/Content/VREditor/Sounds/UI/Scaling_Up.uasset" 881
"../../../Engine/Content/VREditor/Sounds/UI/Scaling_Up.uexp" 882
"../../../Engine/Content/VREditor/Sounds/UI/Selection_Changes.ubulk" 883
"../../../Engine/Content/VREditor/Sounds/UI/Selection_Changes.uasset" 884
"../../../Engine/Content/VREditor/Sounds/UI/Selection_Changes.uexp" 885
"../../../Engine/Content/VREditor/TransformGizmo/PlaneTranslationHandle.ubulk" 886
"../../../Engine/Content/VREditor/TransformGizmo/PlaneTranslationHandle.uasset" 887
"../../../Engine/Content/VREditor/TransformGizmo/PlaneTranslationHandle.uexp" 888
"../../../Engine/Content/VREditor/TransformGizmo/RotationHandleFull.ubulk" 889
"../../../Engine/Content/VREditor/TransformGizmo/RotationHandleFull.uasset" 890
"../../../Engine/Content/VREditor/TransformGizmo/RotationHandleFull.uexp" 891
"../../../Engine/Content/VREditor/TransformGizmo/RotationHandleIndicator.ubulk" 892
"../../../Engine/Content/VREditor/TransformGizmo/RotationHandleIndicator.uasset" 893
"../../../Engine/Content/VREditor/TransformGizmo/RotationHandleIndicator.uexp" 894
"../../../Engine/Content/VREditor/TransformGizmo/RotationHandleQuarter.ubulk" 895
"../../../Engine/Content/VREditor/TransformGizmo/RotationHandleQuarter.uasset" 896
"../../../Engine/Content/VREditor/TransformGizmo/RotationHandleQuarter.uexp" 897
"../../../Engine/Content/VREditor/TransformGizmo/StartRotationHandleIndicator.ubulk" 898
"../../../Engine/Content/VREditor/TransformGizmo/StartRotationHandleIndicator.uasset" 899
"../../../Engine/Content/VREditor/TransformGizmo/StartRotationHandleIndicator.uexp" 900
"../../../Engine/Content/VREditor/TransformGizmo/TransformGizmoFreeRotation.ubulk" 901
"../../../Engine/Content/VREditor/TransformGizmo/TransformGizmoFreeRotation.uasset" 902
"../../../Engine/Content/VREditor/TransformGizmo/TransformGizmoFreeRotation.uexp" 903
"../../../Engine/Content/VREditor/TransformGizmo/TranslateArrowHandle.ubulk" 904
"../../../Engine/Content/VREditor/TransformGizmo/TranslateArrowHandle.uasset" 905
"../../../Engine/Content/VREditor/TransformGizmo/TranslateArrowHandle.uexp" 906
"../../../Engine/Content/VREditor/TransformGizmo/UniformScaleHandle.ubulk" 907
"../../../Engine/Content/VREditor/TransformGizmo/UniformScaleHandle.uasset" 908
"../../../Engine/Content/VREditor/TransformGizmo/UniformScaleHandle.uexp" 909
"../../../Engine/Plugins/Animation/DeformerGraph/Content/DeformerFunctions/DG_Function_LinearBlendSkin_Morph_Cloth.uasset" 910
"../../../Engine/Plugins/Animation/DeformerGraph/Content/DeformerFunctions/DG_Function_LinearBlendSkin_Morph_Cloth.uexp" 911
"../../../Engine/Plugins/Animation/DeformerGraph/Content/Deformers/DG_LinearBlendSkin_Morph_Cloth.uasset" 912
"../../../Engine/Plugins/Animation/DeformerGraph/Content/Deformers/DG_LinearBlendSkin_Morph_Cloth.uexp" 913
"../../../Engine/Plugins/Animation/DeformerGraph/Content/DeformerFunctions/DG_Function_LinearBlendSkin_Morph_Cloth_PositionOnly.uasset" 914
"../../../Engine/Plugins/Animation/DeformerGraph/Content/DeformerFunctions/DG_Function_LinearBlendSkin_Morph_Cloth_PositionOnly.uexp" 915
"../../../Engine/Plugins/Animation/DeformerGraph/Content/DeformerFunctions/DG_Function_ComputeNormalsTangents.uasset" 916
"../../../Engine/Plugins/Animation/DeformerGraph/Content/DeformerFunctions/DG_Function_ComputeNormalsTangents.uexp" 917
"../../../Engine/Plugins/Animation/DeformerGraph/Content/Deformers/DG_LinearBlendSkin_Morph_Cloth_RecomputeNormals.uasset" 918
"../../../Engine/Plugins/Animation/DeformerGraph/Content/Deformers/DG_LinearBlendSkin_Morph_Cloth_RecomputeNormals.uexp" 919
"../../../Engine/Content/EngineResources/LandscapeVisibilityLayerInfo.uasset" 920
"../../../Engine/Content/EngineResources/LandscapeVisibilityLayerInfo.uexp" 921
"../../../Engine/Plugins/NNE/NNEDenoiser/Content/NNEDT_Oidn2-3_Balanced.uasset" 922
"../../../Engine/Plugins/NNE/NNEDenoiser/Content/NNEDT_Oidn2-3_Balanced.uexp" 923
"../../../Engine/Plugins/NNE/NNEDenoiser/Content/NNEDT_Oidn2-3_Balanced_Alpha.uasset" 924
"../../../Engine/Plugins/NNE/NNEDenoiser/Content/NNEDT_Oidn2-3_Balanced_Alpha.uexp" 925
"../../../Engine/Plugins/NNE/NNEDenoiser/Content/NNED_Oidn2-3_Balanced.uasset" 926
"../../../Engine/Plugins/NNE/NNEDenoiser/Content/NNED_Oidn2-3_Balanced.uexp" 927
"../../../Engine/Plugins/NNE/NNEDenoiser/Content/NNED_Oidn2-3_Balanced_Alpha.uasset" 928
"../../../Engine/Plugins/NNE/NNEDenoiser/Content/NNED_Oidn2-3_Balanced_Alpha.uexp" 929
"../../../Engine/Plugins/NNE/NNEDenoiser/Content/NNED_Oidn2-3_Fast.uasset" 930
"../../../Engine/Plugins/NNE/NNEDenoiser/Content/NNED_Oidn2-3_Fast.uexp" 931
"../../../Engine/Plugins/NNE/NNEDenoiser/Content/NNED_Oidn2-3_Fast_Alpha.uasset" 932
"../../../Engine/Plugins/NNE/NNEDenoiser/Content/NNED_Oidn2-3_Fast_Alpha.uexp" 933
"../../../Engine/Plugins/NNE/NNEDenoiser/Content/NNED_Oidn2-3_HighQuality.uasset" 934
"../../../Engine/Plugins/NNE/NNEDenoiser/Content/NNED_Oidn2-3_HighQuality.uexp" 935
"../../../Engine/Plugins/NNE/NNEDenoiser/Content/NNED_Oidn2-3_HighQuality_Alpha.uasset" 936
"../../../Engine/Plugins/NNE/NNEDenoiser/Content/NNED_Oidn2-3_HighQuality_Alpha.uexp" 937
"../../../Engine/Plugins/NNE/NNEDenoiser/Content/NNE_oidn2-3-0_rt_hdr_alb_nrm_small__dyn__fp16_opset11_DenoiseAlpha.uasset" 938
"../../../Engine/Plugins/NNE/NNEDenoiser/Content/NNE_oidn2-3-0_rt_hdr_alb_nrm_small__dyn__fp16_opset11_DenoiseAlpha.uexp" 939
"../../../Engine/Plugins/NNE/NNEDenoiser/Content/NNE_oidn2-3-0_rt_hdr_alb_nrm_small__dyn__fp16_opset11_ForwardAlpha.uasset" 940
"../../../Engine/Plugins/NNE/NNEDenoiser/Content/NNE_oidn2-3-0_rt_hdr_alb_nrm_small__dyn__fp16_opset11_ForwardAlpha.uexp" 941
"../../../Engine/Plugins/NNE/NNEDenoiser/Content/NNE_oidn2-3-0_rt_hdr_alb_nrm__dyn__fp16_opset11_DenoiseAlpha.uasset" 942
"../../../Engine/Plugins/NNE/NNEDenoiser/Content/NNE_oidn2-3-0_rt_hdr_alb_nrm__dyn__fp16_opset11_DenoiseAlpha.uexp" 943
"../../../Engine/Plugins/NNE/NNEDenoiser/Content/NNE_oidn2-3-0_rt_hdr_alb_nrm__dyn__fp16_opset11_ForwardAlpha.uasset" 944
"../../../Engine/Plugins/NNE/NNEDenoiser/Content/NNE_oidn2-3-0_rt_hdr_alb_nrm__dyn__fp16_opset11_ForwardAlpha.uexp" 945
"../../../Engine/Plugins/NNE/NNEDenoiser/Content/NNE_oidn2-3-0_rt_hdr_calb_cnrm_large__dyn__fp16_opset11_DenoiseAlpha.uasset" 946
"../../../Engine/Plugins/NNE/NNEDenoiser/Content/NNE_oidn2-3-0_rt_hdr_calb_cnrm_large__dyn__fp16_opset11_DenoiseAlpha.uexp" 947
"../../../Engine/Plugins/NNE/NNEDenoiser/Content/NNE_oidn2-3-0_rt_hdr_calb_cnrm_large__dyn__fp16_opset11_ForwardAlpha.uasset" 948
"../../../Engine/Plugins/NNE/NNEDenoiser/Content/NNE_oidn2-3-0_rt_hdr_calb_cnrm_large__dyn__fp16_opset11_ForwardAlpha.uexp" 949
"../../../Engine/Content/Maps/Entry_BuiltData.uasset" 950
"../../../Engine/Content/Maps/Entry_BuiltData.uexp" 951
"../../../Engine/Content/Maps/Entry.uexp" 952
"../../../Engine/Content/Maps/Entry.umap" 953
"../../../Engine/Content/BasicShapes/Cube.ubulk" 954
"../../../Engine/Content/BasicShapes/Cube.uasset" 955
"../../../Engine/Content/BasicShapes/Cube.uexp" 956
"../../../Engine/Content/MapTemplates/SM_Template_Map_Floor.ubulk" 957
"../../../Engine/Content/MapTemplates/SM_Template_Map_Floor.uasset" 958
"../../../Engine/Content/MapTemplates/SM_Template_Map_Floor.uexp" 959
"../../../Engine/Content/EngineSky/T_Sky_Stars.ubulk" 960
"../../../Engine/Content/EngineSky/T_Sky_Stars.uasset" 961
"../../../Engine/Content/EngineSky/T_Sky_Stars.uexp" 962
"../../../Engine/Content/EngineSky/T_Sky_Clouds_M.ubulk" 963
"../../../Engine/Content/EngineSky/T_Sky_Clouds_M.uasset" 964
"../../../Engine/Content/EngineSky/T_Sky_Clouds_M.uexp" 965
"../../../Engine/Content/EngineSky/T_Sky_Blue.ubulk" 966
"../../../Engine/Content/EngineSky/T_Sky_Blue.uasset" 967
"../../../Engine/Content/EngineSky/T_Sky_Blue.uexp" 968
"../../../Engine/Content/EngineSky/M_Sky_Panning_Clouds2.uasset" 969
"../../../Engine/Content/EngineSky/M_Sky_Panning_Clouds2.uexp" 970
"../../../Engine/Content/EngineSky/SM_SkySphere.ubulk" 971
"../../../Engine/Content/EngineSky/SM_SkySphere.uasset" 972
"../../../Engine/Content/EngineSky/SM_SkySphere.uexp" 973
"../../../Engine/Content/EngineSky/VolumetricClouds/VT_PerlinWorley_Balanced.uasset" 974
"../../../Engine/Content/EngineSky/VolumetricClouds/VT_PerlinWorley_Balanced.uexp" 975
"../../../Engine/Content/EngineSky/VolumetricClouds/T_Profile_08.ubulk" 976
"../../../Engine/Content/EngineSky/VolumetricClouds/T_Profile_08.uasset" 977
"../../../Engine/Content/EngineSky/VolumetricClouds/T_Profile_08.uexp" 978
"../../../Engine/Content/EngineSky/VolumetricClouds/T_CloudPattern.ubulk" 979
"../../../Engine/Content/EngineSky/VolumetricClouds/T_CloudPattern.uasset" 980
"../../../Engine/Content/EngineSky/VolumetricClouds/T_CloudPattern.uexp" 981
"../../../Engine/Content/EngineSky/VolumetricClouds/T_CloudMask.ubulk" 982
"../../../Engine/Content/EngineSky/VolumetricClouds/T_CloudMask.uasset" 983
"../../../Engine/Content/EngineSky/VolumetricClouds/T_CloudMask.uexp" 984
"../../../Engine/Content/Functions/Engine_MaterialFunctions02/Utility/BreakOutFloat4Components.uasset" 985
"../../../Engine/Content/Functions/Engine_MaterialFunctions02/Utility/BreakOutFloat4Components.uexp" 986
"../../../Engine/Content/Functions/Engine_MaterialFunctions02/Utility/MakeFloat4.uasset" 987
"../../../Engine/Content/Functions/Engine_MaterialFunctions02/Utility/MakeFloat4.uexp" 988
"../../../Engine/Content/EngineResources/DefaultVolumeTexture2D.uasset" 989
"../../../Engine/Content/EngineResources/DefaultVolumeTexture2D.uexp" 990
"../../../Engine/Content/EngineResources/DefaultVolumeTexture.uasset" 991
"../../../Engine/Content/EngineResources/DefaultVolumeTexture.uexp" 992
"../../../Engine/Content/EngineSky/VolumetricClouds/VT_Lightning.uasset" 993
"../../../Engine/Content/EngineSky/VolumetricClouds/VT_Lightning.uexp" 994
"../../../Engine/Content/Functions/Engine_MaterialFunctions01/Units/Km-to-Cm.uasset" 995
"../../../Engine/Content/Functions/Engine_MaterialFunctions01/Units/Km-to-Cm.uexp" 996
"../../../Engine/Content/EngineSky/VolumetricClouds/m_SimpleVolumetricCloud.uasset" 997
"../../../Engine/Content/EngineSky/VolumetricClouds/m_SimpleVolumetricCloud.uexp" 998
"../../../Engine/Content/EngineSky/VolumetricClouds/m_SimpleVolumetricCloud_Inst.uasset" 999
"../../../Engine/Content/EngineSky/VolumetricClouds/m_SimpleVolumetricCloud_Inst.uexp" 1000
"../../../Engine/Content/EngineMaterials/BlendFunc_DefBlend.uasset" 1001
"../../../Engine/Content/EngineMaterials/BlendFunc_DefBlend.uexp" 1002
"../../../Engine/Content/EngineMaterials/BlendFunc_DefBase.uasset" 1003
"../../../Engine/Content/EngineMaterials/BlendFunc_DefBase.uexp" 1004
"../../../Engine/Content/Functions/Engine_MaterialFunctions03/Blends/Blend_Overlay.uasset" 1005
"../../../Engine/Content/Functions/Engine_MaterialFunctions03/Blends/Blend_Overlay.uexp" 1006
"../../../Engine/Content/Functions/Engine_MaterialFunctions01/Gradient/LinearGradient.uasset" 1007
"../../../Engine/Content/Functions/Engine_MaterialFunctions01/Gradient/LinearGradient.uexp" 1008
"../../../Engine/Content/Functions/Engine_MaterialFunctions01/ImageAdjustment/CheapContrast.uasset" 1009
"../../../Engine/Content/Functions/Engine_MaterialFunctions01/ImageAdjustment/CheapContrast.uexp" 1010
"../../../Engine/Content/OpenWorldTemplate/LandscapeMaterial/T_GridChecker_A.ubulk" 1011
"../../../Engine/Content/OpenWorldTemplate/LandscapeMaterial/T_GridChecker_A.uasset" 1012
"../../../Engine/Content/OpenWorldTemplate/LandscapeMaterial/T_GridChecker_A.uexp" 1013
"../../../Engine/Content/OpenWorldTemplate/LandscapeMaterial/MF_ProcGrid.uasset" 1014
"../../../Engine/Content/OpenWorldTemplate/LandscapeMaterial/MF_ProcGrid.uexp" 1015
"../../../Engine/Content/OpenWorldTemplate/LandscapeMaterial/M_ProcGrid.uasset" 1016
"../../../Engine/Content/OpenWorldTemplate/LandscapeMaterial/M_ProcGrid.uexp" 1017
"../../../Engine/Content/OpenWorldTemplate/LandscapeMaterial/MI_ProcGrid.uasset" 1018
"../../../Engine/Content/OpenWorldTemplate/LandscapeMaterial/MI_ProcGrid.uexp" 1019
"C:/Users/markm/Documents/GitHub/Boomerang_RGD/RGD/Content/Widgets/ZELDAAAAAa.uasset" 1020
"C:/Users/markm/Documents/GitHub/Boomerang_RGD/RGD/Content/Widgets/ZELDAAAAAa.uexp" 1021
"C:/Users/markm/Documents/GitHub/Boomerang_RGD/RGD/Content/Widgets/ZELDAAAAAa_Mat.uasset" 1022
"C:/Users/markm/Documents/GitHub/Boomerang_RGD/RGD/Content/Widgets/ZELDAAAAAa_Mat.uexp" 1023
"../../../Engine/Content/BasicShapes/Cylinder.ubulk" 1024
"../../../Engine/Content/BasicShapes/Cylinder.uasset" 1025
"../../../Engine/Content/BasicShapes/Cylinder.uexp" 1026
"../../../Engine/Content/BasicShapes/Plane.ubulk" 1027
"../../../Engine/Content/BasicShapes/Plane.uasset" 1028
"../../../Engine/Content/BasicShapes/Plane.uexp" 1029
"../../../Engine/Content/BasicShapes/BasicShapeMaterial.uasset" 1030
"../../../Engine/Content/BasicShapes/BasicShapeMaterial.uexp" 1031
"C:/Users/markm/Documents/GitHub/Boomerang_RGD/RGD/Content/Widgets/WBP_PauseMenu.uasset" 1032
"C:/Users/markm/Documents/GitHub/Boomerang_RGD/RGD/Content/Widgets/WBP_PauseMenu.uexp" 1033
"C:/Users/markm/Documents/GitHub/Boomerang_RGD/RGD/Content/Widgets/BP_NameAndSlider.uasset" 1034
"C:/Users/markm/Documents/GitHub/Boomerang_RGD/RGD/Content/Widgets/BP_NameAndSlider.uexp" 1035
"C:/Users/markm/Documents/GitHub/Boomerang_RGD/RGD/Content/Boumerange/Koa/SAtomicParameters.uasset" 1036
"C:/Users/markm/Documents/GitHub/Boomerang_RGD/RGD/Content/Boumerange/Koa/SAtomicParameters.uexp" 1037
"C:/Users/markm/Documents/GitHub/Boomerang_RGD/RGD/Content/Boumerange/Koa/BP_SaveGameBoomerang.uasset" 1038
"C:/Users/markm/Documents/GitHub/Boomerang_RGD/RGD/Content/Boumerange/Koa/BP_SaveGameBoomerang.uexp" 1039
"C:/Users/markm/Documents/GitHub/Boomerang_RGD/RGD/Content/Boumerange/Koa/BP_GameInstance.uasset" 1040
"C:/Users/markm/Documents/GitHub/Boomerang_RGD/RGD/Content/Boumerange/Koa/BP_GameInstance.uexp" 1041
"C:/Users/markm/Documents/GitHub/Boomerang_RGD/RGD/Content/Widgets/WBP_ParametersConfig.uasset" 1042
"C:/Users/markm/Documents/GitHub/Boomerang_RGD/RGD/Content/Widgets/WBP_ParametersConfig.uexp" 1043
"../../../Engine/Plugins/Interchange/Assets/Content/Functions/MF_PhongToMetalRoughness.uasset" 1044
"../../../Engine/Plugins/Interchange/Assets/Content/Functions/MF_PhongToMetalRoughness.uexp" 1045
"C:/Users/markm/Documents/GitHub/Boomerang_RGD/RGD/Content/Boumerange/Material_001.uasset" 1046
"C:/Users/markm/Documents/GitHub/Boomerang_RGD/RGD/Content/Boumerange/Material_001.uexp" 1047
"C:/Users/markm/Documents/GitHub/Boomerang_RGD/RGD/Content/Boumerange/Character/BPI_Collide.uasset" 1048
"C:/Users/markm/Documents/GitHub/Boomerang_RGD/RGD/Content/Boumerange/Character/BPI_Collide.uexp" 1049
"C:/Users/markm/Documents/GitHub/Boomerang_RGD/RGD/Content/Boumerange/Material_002.uasset" 1050
"C:/Users/markm/Documents/GitHub/Boomerang_RGD/RGD/Content/Boumerange/Material_002.uexp" 1051
"C:/Users/markm/Documents/GitHub/Boomerang_RGD/RGD/Content/Boumerange/Boumerang.ubulk" 1052
"C:/Users/markm/Documents/GitHub/Boomerang_RGD/RGD/Content/Boumerange/Boumerang.uasset" 1053
"C:/Users/markm/Documents/GitHub/Boomerang_RGD/RGD/Content/Boumerange/Boumerang.uexp" 1054
"C:/Users/markm/Documents/GitHub/Boomerang_RGD/RGD/Content/Boumerange/Sounds/S_Floprange.ubulk" 1055
"C:/Users/markm/Documents/GitHub/Boomerang_RGD/RGD/Content/Boumerange/Sounds/S_Floprange.uasset" 1056
"C:/Users/markm/Documents/GitHub/Boomerang_RGD/RGD/Content/Boumerange/Sounds/S_Floprange.uexp" 1057
"C:/Users/markm/Documents/GitHub/Boomerang_RGD/RGD/Content/Boumerange/Sounds/S_Bound.ubulk" 1058
"C:/Users/markm/Documents/GitHub/Boomerang_RGD/RGD/Content/Boumerange/Sounds/S_Bound.uasset" 1059
"C:/Users/markm/Documents/GitHub/Boomerang_RGD/RGD/Content/Boumerange/Sounds/S_Bound.uexp" 1060
"C:/Users/markm/Documents/GitHub/Boomerang_RGD/RGD/Content/Boumerange/Sounds/Cue/HitPlayer/Robots__Misc__Fight_Hits_SND45996_4.ubulk" 1061
"C:/Users/markm/Documents/GitHub/Boomerang_RGD/RGD/Content/Boumerange/Sounds/Cue/HitPlayer/Robots__Misc__Fight_Hits_SND45996_4.uasset" 1062
"C:/Users/markm/Documents/GitHub/Boomerang_RGD/RGD/Content/Boumerange/Sounds/Cue/HitPlayer/Robots__Misc__Fight_Hits_SND45996_4.uexp" 1063
"C:/Users/markm/Documents/GitHub/Boomerang_RGD/RGD/Content/Boumerange/Sounds/Cue/HitPlayer/Robots__Misc__Fight_Hits_SND45996_5.ubulk" 1064
"C:/Users/markm/Documents/GitHub/Boomerang_RGD/RGD/Content/Boumerange/Sounds/Cue/HitPlayer/Robots__Misc__Fight_Hits_SND45996_5.uasset" 1065
"C:/Users/markm/Documents/GitHub/Boomerang_RGD/RGD/Content/Boumerange/Sounds/Cue/HitPlayer/Robots__Misc__Fight_Hits_SND45996_5.uexp" 1066
"C:/Users/markm/Documents/GitHub/Boomerang_RGD/RGD/Content/Boumerange/Sounds/Cue/HitPlayer/Robots__Misc__Fight_Hits_SND45996_6.ubulk" 1067
"C:/Users/markm/Documents/GitHub/Boomerang_RGD/RGD/Content/Boumerange/Sounds/Cue/HitPlayer/Robots__Misc__Fight_Hits_SND45996_6.uasset" 1068
"C:/Users/markm/Documents/GitHub/Boomerang_RGD/RGD/Content/Boumerange/Sounds/Cue/HitPlayer/Robots__Misc__Fight_Hits_SND45996_6.uexp" 1069
"C:/Users/markm/Documents/GitHub/Boomerang_RGD/RGD/Content/Boumerange/Sounds/Cue/HitPlayer/SC_RobotEnd.uasset" 1070
"C:/Users/markm/Documents/GitHub/Boomerang_RGD/RGD/Content/Boumerange/Sounds/Cue/HitPlayer/SC_RobotEnd.uexp" 1071
"C:/Users/markm/Documents/GitHub/Boomerang_RGD/RGD/Content/Boumerange/BP_Boumerange.uasset" 1072
"C:/Users/markm/Documents/GitHub/Boomerang_RGD/RGD/Content/Boumerange/BP_Boumerange.uexp" 1073
"C:/Users/markm/Documents/GitHub/Boomerang_RGD/RGD/Content/Boumerange/GPE/BP_Camera.uasset" 1074
"C:/Users/markm/Documents/GitHub/Boomerang_RGD/RGD/Content/Boumerange/GPE/BP_Camera.uexp" 1075
"C:/Users/markm/Documents/GitHub/Boomerang_RGD/RGD/Content/Boumerange/Sounds/S_Death.ubulk" 1076
"C:/Users/markm/Documents/GitHub/Boomerang_RGD/RGD/Content/Boumerange/Sounds/S_Death.uasset" 1077
"C:/Users/markm/Documents/GitHub/Boomerang_RGD/RGD/Content/Boumerange/Sounds/S_Death.uexp" 1078
"C:/Users/markm/Documents/GitHub/Boomerang_RGD/RGD/Content/Boumerange/Koa/M_Trajectory.uasset" 1079
"C:/Users/markm/Documents/GitHub/Boomerang_RGD/RGD/Content/Boumerange/Koa/M_Trajectory.uexp" 1080
"C:/Users/markm/Documents/GitHub/Boomerang_RGD/RGD/Content/Boumerange/Koa/MI_Selector.uasset" 1081
"C:/Users/markm/Documents/GitHub/Boomerang_RGD/RGD/Content/Boumerange/Koa/MI_Selector.uexp" 1082
"C:/Users/markm/Documents/GitHub/Boomerang_RGD/RGD/Content/Boumerange/Koa/MI_DoorTrajectory.uasset" 1083
"C:/Users/markm/Documents/GitHub/Boomerang_RGD/RGD/Content/Boumerange/Koa/MI_DoorTrajectory.uexp" 1084
"C:/Users/markm/Documents/GitHub/Boomerang_RGD/RGD/Content/Boumerange/Input/AI_Move.uasset" 1085
"C:/Users/markm/Documents/GitHub/Boomerang_RGD/RGD/Content/Boumerange/Input/AI_Move.uexp" 1086
"C:/Users/markm/Documents/GitHub/Boomerang_RGD/RGD/Content/Boumerange/Input/AI_Fire.uasset" 1087
"C:/Users/markm/Documents/GitHub/Boomerang_RGD/RGD/Content/Boumerange/Input/AI_Fire.uexp" 1088
"C:/Users/markm/Documents/GitHub/Boomerang_RGD/RGD/Content/Boumerange/Input/IA_Pause.uasset" 1089
"C:/Users/markm/Documents/GitHub/Boomerang_RGD/RGD/Content/Boumerange/Input/IA_Pause.uexp" 1090
"C:/Users/markm/Documents/GitHub/Boomerang_RGD/RGD/Content/Boumerange/Input/IA_SpeedUp.uasset" 1091
"C:/Users/markm/Documents/GitHub/Boomerang_RGD/RGD/Content/Boumerange/Input/IA_SpeedUp.uexp" 1092
"C:/Users/markm/Documents/GitHub/Boomerang_RGD/RGD/Content/Boumerange/Input/IMC.uasset" 1093
"C:/Users/markm/Documents/GitHub/Boomerang_RGD/RGD/Content/Boumerange/Input/IMC.uexp" 1094
"C:/Users/markm/Documents/GitHub/Boomerang_RGD/RGD/Content/Boumerange/Character/BP_Character.uasset" 1095
"C:/Users/markm/Documents/GitHub/Boomerang_RGD/RGD/Content/Boumerange/Character/BP_Character.uexp" 1096
"C:/Users/markm/Documents/GitHub/Boomerang_RGD/RGD/Content/Dead/Destructible.uasset" 1097
"C:/Users/markm/Documents/GitHub/Boomerang_RGD/RGD/Content/Dead/Destructible.uexp" 1098
"C:/Users/markm/Documents/GitHub/Boomerang_RGD/RGD/Content/Boumerange/Sounds/Cue/Posses/Robots__Misc__Fight_Hits_SND45996.ubulk" 1099
"C:/Users/markm/Documents/GitHub/Boomerang_RGD/RGD/Content/Boumerange/Sounds/Cue/Posses/Robots__Misc__Fight_Hits_SND45996.uasset" 1100
"C:/Users/markm/Documents/GitHub/Boomerang_RGD/RGD/Content/Boumerange/Sounds/Cue/Posses/Robots__Misc__Fight_Hits_SND45996.uexp" 1101
"C:/Users/markm/Documents/GitHub/Boomerang_RGD/RGD/Content/Boumerange/Sounds/Cue/Posses/Robots__Misc__Fight_Hits_SND45996_7.ubulk" 1102
"C:/Users/markm/Documents/GitHub/Boomerang_RGD/RGD/Content/Boumerange/Sounds/Cue/Posses/Robots__Misc__Fight_Hits_SND45996_7.uasset" 1103
"C:/Users/markm/Documents/GitHub/Boomerang_RGD/RGD/Content/Boumerange/Sounds/Cue/Posses/Robots__Misc__Fight_Hits_SND45996_7.uexp" 1104
"C:/Users/markm/Documents/GitHub/Boomerang_RGD/RGD/Content/Boumerange/Sounds/Cue/Posses/SC_Posses.uasset" 1105
"C:/Users/markm/Documents/GitHub/Boomerang_RGD/RGD/Content/Boumerange/Sounds/Cue/Posses/SC_Posses.uexp" 1106
"C:/Users/markm/Documents/GitHub/Boomerang_RGD/RGD/Content/Boumerange/Robot/BP_Child_Robot.uasset" 1107
"C:/Users/markm/Documents/GitHub/Boomerang_RGD/RGD/Content/Boumerange/Robot/BP_Child_Robot.uexp" 1108
"C:/Users/markm/Documents/GitHub/Boomerang_RGD/RGD/Content/Boumerange/Materials/MM_GPE.uasset" 1109
"C:/Users/markm/Documents/GitHub/Boomerang_RGD/RGD/Content/Boumerange/Materials/MM_GPE.uexp" 1110
"C:/Users/markm/Documents/GitHub/Boomerang_RGD/RGD/Content/Boumerange/Materials/MI_Purple.uasset" 1111
"C:/Users/markm/Documents/GitHub/Boomerang_RGD/RGD/Content/Boumerange/Materials/MI_Purple.uexp" 1112
"C:/Users/markm/Documents/GitHub/Boomerang_RGD/RGD/Content/Boumerange/Zone/BP_Zone.uasset" 1113
"C:/Users/markm/Documents/GitHub/Boomerang_RGD/RGD/Content/Boumerange/Zone/BP_Zone.uexp" 1114
"C:/Users/markm/Documents/GitHub/Boomerang_RGD/RGD/Content/Boumerange/Character/BP_HUD.uasset" 1115
"C:/Users/markm/Documents/GitHub/Boomerang_RGD/RGD/Content/Boumerange/Character/BP_HUD.uexp" 1116
"C:/Users/markm/Documents/GitHub/Boomerang_RGD/RGD/Content/Boumerange/Character/BP_Controller.uasset" 1117
"C:/Users/markm/Documents/GitHub/Boomerang_RGD/RGD/Content/Boumerange/Character/BP_Controller.uexp" 1118
"C:/Users/markm/Documents/GitHub/Boomerang_RGD/RGD/Content/Boumerange/Character/BP_GameMode.uasset" 1119
"C:/Users/markm/Documents/GitHub/Boomerang_RGD/RGD/Content/Boumerange/Character/BP_GameMode.uexp" 1120
"../../../Engine/Content/BasicShapes/Sphere.ubulk" 1121
"../../../Engine/Content/BasicShapes/Sphere.uasset" 1122
"../../../Engine/Content/BasicShapes/Sphere.uexp" 1123
"C:/Users/markm/Documents/GitHub/Boomerang_RGD/RGD/Content/Boumerange/Materials/MI_Red.uasset" 1124
"C:/Users/markm/Documents/GitHub/Boomerang_RGD/RGD/Content/Boumerange/Materials/MI_Red.uexp" 1125
"C:/Users/markm/Documents/GitHub/Boomerang_RGD/RGD/Content/Boumerange/Materials/MI_Green.uasset" 1126
"C:/Users/markm/Documents/GitHub/Boomerang_RGD/RGD/Content/Boumerange/Materials/MI_Green.uexp" 1127
"C:/Users/markm/Documents/GitHub/Boomerang_RGD/RGD/Content/Boumerange/Materials/MI_Grey1.uasset" 1128
"C:/Users/markm/Documents/GitHub/Boomerang_RGD/RGD/Content/Boumerange/Materials/MI_Grey1.uexp" 1129
"C:/Users/markm/Documents/GitHub/Boomerang_RGD/RGD/Content/Boumerange/Materials/MI_Grey.uasset" 1130
"C:/Users/markm/Documents/GitHub/Boomerang_RGD/RGD/Content/Boumerange/Materials/MI_Grey.uexp" 1131
"C:/Users/markm/Documents/GitHub/Boomerang_RGD/RGD/Content/Boumerange/GPE/BP_Doors.uasset" 1132
"C:/Users/markm/Documents/GitHub/Boomerang_RGD/RGD/Content/Boumerange/GPE/BP_Doors.uexp" 1133
"C:/Users/markm/Documents/GitHub/Boomerang_RGD/RGD/Content/Boumerange/Materials/MI_Black.uasset" 1134
"C:/Users/markm/Documents/GitHub/Boomerang_RGD/RGD/Content/Boumerange/Materials/MI_Black.uexp" 1135
"C:/Users/markm/Documents/GitHub/Boomerang_RGD/RGD/Content/Boumerange/GPE/BP_Platform.uasset" 1136
"C:/Users/markm/Documents/GitHub/Boomerang_RGD/RGD/Content/Boumerange/GPE/BP_Platform.uexp" 1137
"C:/Users/markm/Documents/GitHub/Boomerang_RGD/RGD/Content/Boumerange/Sounds/S_On.ubulk" 1138
"C:/Users/markm/Documents/GitHub/Boomerang_RGD/RGD/Content/Boumerange/Sounds/S_On.uasset" 1139
"C:/Users/markm/Documents/GitHub/Boomerang_RGD/RGD/Content/Boumerange/Sounds/S_On.uexp" 1140
"C:/Users/markm/Documents/GitHub/Boomerang_RGD/RGD/Content/Boumerange/Sounds/S_Off.ubulk" 1141
"C:/Users/markm/Documents/GitHub/Boomerang_RGD/RGD/Content/Boumerange/Sounds/S_Off.uasset" 1142
"C:/Users/markm/Documents/GitHub/Boomerang_RGD/RGD/Content/Boumerange/Sounds/S_Off.uexp" 1143
"C:/Users/markm/Documents/GitHub/Boomerang_RGD/RGD/Content/Boumerange/GPE/BP_PressionButton.uasset" 1144
"C:/Users/markm/Documents/GitHub/Boomerang_RGD/RGD/Content/Boumerange/GPE/BP_PressionButton.uexp" 1145
"C:/Users/markm/Documents/GitHub/Boomerang_RGD/RGD/Content/Boumerange/GPE/BP_Wall.uasset" 1146
"C:/Users/markm/Documents/GitHub/Boomerang_RGD/RGD/Content/Boumerange/GPE/BP_Wall.uexp" 1147
"C:/Users/markm/Documents/GitHub/Boomerang_RGD/RGD/Content/Boumerange/Valentin/WBP_Text.uasset" 1148
"C:/Users/markm/Documents/GitHub/Boomerang_RGD/RGD/Content/Boumerange/Valentin/WBP_Text.uexp" 1149
"C:/Users/markm/Documents/GitHub/Boomerang_RGD/RGD/Content/Boumerange/Valentin/BP_ToolText.uasset" 1150
"C:/Users/markm/Documents/GitHub/Boomerang_RGD/RGD/Content/Boumerange/Valentin/BP_ToolText.uexp" 1151
"C:/Users/markm/Documents/GitHub/Boomerang_RGD/RGD/Content/Boumerange/Sounds/S_CheckPoint.ubulk" 1152
"C:/Users/markm/Documents/GitHub/Boomerang_RGD/RGD/Content/Boumerange/Sounds/S_CheckPoint.uasset" 1153
"C:/Users/markm/Documents/GitHub/Boomerang_RGD/RGD/Content/Boumerange/Sounds/S_CheckPoint.uexp" 1154
"C:/Users/markm/Documents/GitHub/Boomerang_RGD/RGD/Content/Boumerange/GPE/BP_CheckPoints.uasset" 1155
"C:/Users/markm/Documents/GitHub/Boomerang_RGD/RGD/Content/Boumerange/GPE/BP_CheckPoints.uexp" 1156
"C:/Users/markm/Documents/GitHub/Boomerang_RGD/RGD/Content/Boumerange/Materials/MM_Transparent.uasset" 1157
"C:/Users/markm/Documents/GitHub/Boomerang_RGD/RGD/Content/Boumerange/Materials/MM_Transparent.uexp" 1158
"C:/Users/markm/Documents/GitHub/Boomerang_RGD/RGD/Content/Boumerange/Materials/MI_Sky.uasset" 1159
"C:/Users/markm/Documents/GitHub/Boomerang_RGD/RGD/Content/Boumerange/Materials/MI_Sky.uexp" 1160
"C:/Users/markm/Documents/GitHub/Boomerang_RGD/RGD/Content/Boumerange/GPE/BP_DeathZone.uasset" 1161
"C:/Users/markm/Documents/GitHub/Boomerang_RGD/RGD/Content/Boumerange/GPE/BP_DeathZone.uexp" 1162
"C:/Users/markm/Documents/GitHub/Boomerang_RGD/RGD/Content/Boumerange/Valentin/GameLevel/L_GreyBox.uexp" 1163
"C:/Users/markm/Documents/GitHub/Boomerang_RGD/RGD/Content/Boumerange/Valentin/GameLevel/L_GreyBox.umap" 1164
